㑇	zhou
㑌	kuang
㑩	luo
㑳	zhou
㒓	ta
㓦	bai
㔉	zhu
㔚	jie
㕑	chu
㕜	shi
㕠	shuang
㕶	n
㖊	xun
㖞	wai
㗄	ku
㗏	wai
㗑	bai
㘄	leng
㘆	tai
㘎	han
㘗	qu
㘥	you
㘭	ao
㘱	tan
㘵	bu
㙘	yao
㙟	lang
㙦	xie
㚁	qiao
㚢	nu
㚻	ji
㛃	jie
㝃	mian
㝡	zui
㝿	bo
㞎	ba
㞗	qiu
㞘	du
㞞	song
㟂	mu
㟖	long
㟤	lu
㟷	da
㠄	xi
㠯	yi
㠾	yuan
㡑	qiao
㡓	kun
㡠	zheng
㡡	chu
㡧	zheng
㤅	ai
㤘	zhou
㤥	hai
㥏	tian
㥦	qie
㥮	zhou
㥵	hun
㧀	ji
㧏	gang
㧐	song
㧑	hui
㧟	kuai
㨄	zhou
㨗	jie
㨘	xing
㨪	huang
㩋	xiao
㩐	den
㩙	sai
㩟	zhai
㩳	song
㪍	bo
㪺	ju
㫰	lang
㬉	nuan
㬊	huan
㬎	xian
㬟	fen
㬤	qi
㭎	gang
㮣	gai
㮾	lang
㯭	lu
㯳	qing
㰍	long
㱃	yin
㱮	hui
㲄	jue
㲓	rong
㲲	die
㳂	yan
㳇	fu
㳠	ta
㴩	yong
㵐	jue
㵲	wu
㶁	guo
㶉	xi
㶑	lian
㶟	lei
㷟	tui
㹎	lei
㹢	jia
㹭	yi
㺀	hu
㺄	yu
㺅	hou
㺢	huo
㻫	bi
㼈	luo
㽁	li
㽏	gan
㽘	gang
㾹	chai
䀇	gu
䀉	qiao
䀌	xi
䀦	gu
䁖	lou
䂫	hang
䃅	di
䃉	min
䃎	zha
䃘	keng
䃠	xuan
䃰	ca
䄍	zha
䄻	tao
䅟	can
䇭	lao
䇲	ce
䇽	zhe
䈎	ye
䉬	fei
䉲	mi
䉵	zhuan
䊪	li
䌷	chou
䌹	jiong
䍉	zhai
䍡	lu
䎱	ba
䏝	zhuan
䏿	qi
䐛	da
䑲	zhao
䑽	ta
䒣	ran
䒷	gua
䒿	liao
䓖	qiong
䓨	ying
䔛	qing
䕭	qian
䕷	mi
䖏	chu
䖮	xiang
䖳	zha
䗖	di
䗛	xiu
䗪	zhe
䗻	jie
䘌	ni
䘕	hang
䘮	sang
䙌	kui
䜺	chai
䝋	zong
䝟	ya
䞍	qing
䞓	cheng
䟡	zhi
䠀	tang
䠊	fei
䠱	zhu
䢺	chu
䤌	qiang
䤨	pi
䥇	shan
䥽	po
䦃	zhuo
䦆	jue
䦶	zheng
䦷	chuai
䧡	yong
䨦	pang
䩄	mian
䩬	beng
䩺	weng
䪍	lan
䫈	chen
䯄	gua
䯧	qing
䯼	di
䰀	wo
䰖	zuan
䰛	li
䱷	yu
䲟	yin
䲠	chun
䲢	teng
䳘	e
䴓	shi
䴔	jiao
䴕	lie
䴖	jing
䴗	ju
䴘	ti
䴙	pi
䴚	gang
䴥	jia
䴸	fu
䵚	tao
䶊	nü
䶧	yao
䶮	yan
䶸	yao
一	yi
丁	ding
七	qi
万	mo
丈	zhang
三	san
上	shang
下	xia
不	bu
与	yu
丏	mian
丐	gai
丑	chou
专	zhuan
且	ju
丕	pi
世	shi
丘	qiu
丙	bing
业	ye
丛	cong
东	dong
丝	si
丞	cheng
丟	diu
丢	diu
两	liang
严	yan
並	bing
丧	sang
个	ge
丫	ya
中	zhong
丰	feng
丱	guan
串	chuan
临	lin
丸	wan
丹	dan
为	wei
主	zhu
丽	li
举	ju
乂	yi
乃	nai
久	jiu
乇	tuo
么	ma
义	yi
之	zhi
乌	wu
乍	zha
乎	hu
乏	fa
乐	le
乒	ping
乓	pang
乔	qiao
乖	guai
乘	cheng
乙	yi
乜	mie
九	jiu
乞	qi
也	ye
习	xi
乡	xiang
书	shu
乩	ji
买	mai
乱	luan
乳	ru
乸	na
乾	gan
亂	luan
了	le
予	yu
争	zheng
事	shi
二	er
亍	chu
于	yu
亏	kui
云	yun
互	hu
亓	qi
五	wu
井	jing
亘	gen
亙	gen
亚	ya
些	xie
亞	ya
亟	ji
亡	wang
亢	kang
交	jiao
亥	hai
亦	yi
产	chan
亨	heng
亩	mu
享	xiang
京	jing
亭	ting
亮	liang
亱	ye
亲	qin
亳	bo
亵	xie
亶	dan
亷	lian
亸	duo
亹	men
人	ren
亾	wang
亿	yi
什	shen
仁	ren
仂	le
仃	ding
仄	ze
仅	jin
仆	pu
仇	chou
仉	zhang
今	jin
介	jie
仍	reng
从	cong
仑	lun
仓	cang
仔	zai
仕	shi
他	ta
仗	zhang
付	fu
仙	xian
仛	tuo
仝	tong
仞	ren
仟	qian
仡	ge
代	dai
令	ling
以	yi
仨	sa
仪	yi
仫	mu
们	men
仰	yang
仲	zhong
仳	pi
仵	wu
件	jian
价	jia
任	ren
份	fen
仿	fang
伀	zhong
企	qi
伃	yu
伈	xin
伉	kang
伊	yi
伋	ji
伍	wu
伎	ji
伏	fu
伐	fa
休	xiu
伕	fu
众	zhong
优	you
伙	huo
会	hui
伛	yu
伞	san
伟	wei
传	chuan
伡	che
伢	ya
伤	shang
伥	chang
伦	lun
伧	cang
伪	wei
伫	zhu
伯	bai
估	gu
伲	ni
伴	ban
伶	ling
伷	zhou
伸	shen
伺	ci
似	shi
伽	ga
伾	pi
佀	si
佃	dian
但	dan
佇	zhu
佈	bu
佉	qu
佊	bi
位	wei
低	di
住	zhu
佐	zuo
佑	you
体	ti
佔	zhan
何	he
佗	tuo
佘	she
余	yu
佚	yi
佛	fo
作	zuo
佝	gou
佞	ning
佟	tong
你	ni
佢	qu
佣	yong
佤	wa
佥	qian
佧	ka
佩	pei
佫	he
佬	lao
佯	yang
佰	bai
佳	jia
佴	er
併	bing
佶	ji
佹	gui
佺	quan
佻	tiao
佼	jiao
佽	ci
佾	yi
使	shi
侁	shen
侂	tuo
侃	kan
侄	zhi
來	lai
侈	chi
侉	kua
例	li
侍	shi
侏	zhu
侑	you
侔	mou
侖	lun
侗	dong
侘	cha
供	gong
侜	zhou
依	yi
侠	xia
侣	lü
侥	jiao
侦	zhen
侧	ce
侨	qiao
侩	kuai
侪	chai
侬	nong
侮	wu
侯	hou
侴	chou
侵	qin
侷	ju
侹	ting
侻	tui
便	bian
係	xi
促	cu
俄	e
俅	qiu
俊	jun
俍	liang
俎	zu
俏	qiao
俐	li
俑	yong
俗	su
俘	fu
俚	li
俛	fu
俜	ping
保	bao
俞	shu
俟	qi
俠	xia
信	xin
俣	yu
俤	di
俦	chou
俨	yan
俩	lia
俪	li
俭	jian
修	xiu
俯	fu
俱	ju
俳	pai
俵	biao
俶	chu
俸	feng
俺	an
俻	bei
俾	bi
倀	chang
倅	cui
倆	lia
倈	lai
倉	cang
個	ge
倌	guan
倍	bei
倏	shu
倐	shu
倒	dao
倓	tan
倔	jue
倖	xing
倘	chang
候	hou
倚	yi
倜	ti
倞	jing
借	jie
倡	chang
倢	jie
倣	fang
倥	kong
倦	juan
倨	ju
倩	qian
倪	ni
倫	lun
倬	zhuo
倭	wo
倮	luo
倳	zi
倴	ben
倷	nai
倸	cai
债	zhai
倻	ye
值	zhi
倾	qing
偁	cheng
偃	yan
假	jia
偈	ji
偉	wei
偊	yu
偌	ruo
偎	wei
偏	pian
偓	wo
偕	xie
做	zuo
停	ting
偢	chou
健	jian
偪	bi
偬	zong
偰	xie
偲	cai
偶	ou
偷	tou
偺	za
偻	lou
偽	wei
偾	fen
偿	chang
傀	gui
傅	fu
傈	li
傉	nu
傍	bang
傎	dian
傑	jie
傒	xi
傕	jue
傖	cang
傘	san
備	bei
傚	xiao
傜	yao
傢	jia
傣	dai
傤	zai
傥	tang
傧	bin
储	chu
傩	nuo
催	cui
傭	yong
傯	zong
傲	ao
傳	chuan
傴	yu
傷	shang
傺	chi
傻	sha
僂	lou
僄	piao
僅	jin
僇	lu
僉	qian
僊	xian
働	dong
像	xiang
僑	qiao
僕	pu
僖	xi
僚	liao
僝	chan
僞	wei
僡	hui
僢	chuan
僥	jiao
僦	jiu
僧	seng
僬	jiao
僭	jian
僮	tong
僰	bo
僱	gu
僳	su
僵	jiang
僶	min
價	jia
僻	pi
僽	zhou
儀	yi
儁	jun
儂	nong
億	yi
儅	dang
儆	jing
儇	xuan
儈	kuai
儉	jian
儋	dan
儍	sha
儐	bin
儒	ru
儓	tai
儔	chou
儕	chai
儗	ni
儘	jin
償	chang
儡	lei
優	you
儭	chen
儱	long
儴	rang
儵	shu
儷	li
儸	luo
儹	zan
儺	nuo
儻	tang
儼	yan
儽	lei
儿	er
兀	wu
允	yun
元	yuan
兄	xiong
充	chong
兆	zhao
兇	xiong
先	xian
光	guang
克	ke
免	mian
兎	tu
兑	dui
兒	er
兔	tu
兕	si
兖	yan
党	dang
兜	dou
兢	jing
入	ru
全	quan
兩	liang
八	ba
公	gong
六	liu
兮	xi
兰	lan
共	gong
关	guan
兴	xing
兵	bing
其	ji
具	ju
典	dian
兹	ci
养	yang
兼	jian
兽	shou
冀	ji
冁	chan
冄	ran
内	nei
冇	mao
冈	gang
冉	ran
冊	ce
册	ce
再	zai
冏	jiong
冒	mao
冓	gou
冕	mian
冗	rong
写	xie
军	jun
农	nong
冠	guan
冢	zhong
冤	yuan
冥	ming
冪	mi
冬	dong
冮	gang
冯	feng
冰	bing
冱	hu
冲	chong
决	jue
况	kuang
冶	ye
冷	leng
冻	dong
冼	xian
冽	lie
净	jing
凃	tu
凄	qi
准	zhun
凇	song
凉	liang
凊	qing
凋	diao
凌	ling
凍	dong
减	jian
凑	cou
凓	li
凔	chuang
凘	si
凙	duo
凛	lin
凜	lin
凝	ning
凟	du
几	ji
凡	fan
凢	fan
凤	feng
処	chu
凫	fu
凭	ping
凯	kai
凰	huang
凱	kai
凳	deng
凴	ping
凶	xiong
凷	kuai
凸	tu
凹	ao
出	chu
击	ji
凼	dang
函	han
凿	zao
刀	dao
刁	diao
刃	ren
刄	ren
分	fen
切	qie
刈	yi
刊	kan
刌	cun
刍	chu
刎	wen
刑	xing
划	hua
刓	wan
刖	yue
列	lie
刘	liu
则	ze
刚	gang
创	chuang
刜	fu
初	chu
删	shan
判	pan
刦	jie
刧	jie
刨	bao
利	li
刪	shan
别	bie
刬	chan
刭	jing
刮	gua
到	dao
刲	kui
刳	ku
刴	duo
刵	er
制	zhi
刷	shua
券	quan
刹	cha
刺	ci
刻	ke
刼	jie
刽	gui
刿	gui
剀	kai
剁	duo
剂	ji
剃	ti
剄	jing
剅	lou
剉	cuo
削	xiao
剋	ke
剌	la
前	qian
剏	chuang
剐	gua
剑	jian
剒	cuo
剔	ti
剕	fei
剖	pou
剗	chan
剙	chuang
剚	zi
剛	gang
剜	wan
剞	ji
剟	duo
剠	qing
剡	shan
剥	bao
剧	ju
剨	huo
剩	sheng
剪	jian
剮	gua
副	fu
割	ge
剴	kai
創	chuang
剷	chan
剺	li
剽	piao
剿	chao
劀	gua
劁	qiao
劂	jue
劃	hua
劄	zha
劇	ju
劈	pi
劉	liu
劊	gui
劌	gui
劍	jian
劐	huo
劑	ji
劓	yi
劔	jian
劘	mo
劙	li
劚	zhu
力	li
劝	quan
办	ban
功	gong
加	jia
务	wu
劢	mai
劣	lie
劤	jin
动	dong
助	zhu
努	nu
劫	jie
劬	qu
劭	shao
励	li
劲	jin
劳	lao
効	xiao
劻	kuang
劾	he
势	shi
勁	jin
勃	bo
勅	chi
勇	yong
勉	mian
勋	xun
勍	qing
勐	meng
勑	chi
勒	le
勔	mian
動	dong
勖	xu
勗	xu
勘	kan
務	wu
勚	yi
勝	sheng
勞	lao
募	mu
勠	lu
勢	shi
勤	qin
勥	jiang
勦	chao
勰	xie
勱	mai
勳	xun
勵	li
勷	rang
勸	quan
勺	shao
勼	jiu
勾	gou
勿	wu
匀	yun
匄	gai
包	bao
匆	cong
匈	xiong
匉	peng
匊	ju
匋	tao
匍	pu
匏	pao
匐	fu
匕	bi
化	hua
北	bei
匙	chi
匜	yi
匝	za
匠	jiang
匡	kuang
匣	xia
匦	gui
匪	fei
匮	kui
匯	hui
匲	lian
匳	lian
匵	du
匹	pi
区	ou
医	yi
匼	ke
匾	bian
匿	ni
區	ou
十	shi
千	qian
卅	sa
升	sheng
午	wu
卉	hui
半	ban
卋	shi
卌	xi
华	hua
协	xie
卑	bei
卒	cu
卓	zhuo
協	xie
单	chan
卖	mai
南	na
博	bo
卜	bo
卝	kuang
卞	bian
卟	bu
占	zhan
卡	ka
卢	lu
卣	you
卤	lu
卦	gua
卧	wo
卨	xie
卫	wei
卬	ang
卮	zhi
卯	mao
印	yin
危	wei
卲	shao
即	ji
却	que
卵	luan
卷	juan
卸	xie
卹	xu
卺	jin
卻	que
卼	wu
卿	qing
厂	an
厄	e
厅	ting
历	li
厉	li
压	ya
厌	yan
厍	she
厓	ya
厔	zhi
厕	ce
厖	pang
厘	li
厚	hou
厛	ting
厝	cuo
原	yuan
厢	xiang
厣	yan
厤	li
厥	jue
厦	sha
厨	chu
厩	jiu
厪	jin
厫	ao
厭	yan
厮	si
厰	chang
厲	li
厴	yan
厶	si
去	qu
厾	du
县	xian
叁	san
参	can
參	can
叆	ai
叇	dai
又	you
叉	cha
及	ji
友	you
双	shuang
反	fan
収	shou
发	fa
叔	shu
取	qu
受	shou
变	bian
叙	xu
叛	pan
叜	sou
叟	sou
叠	die
叡	rui
叢	cong
口	kou
古	gu
句	gou
另	ling
叨	dao
叩	kou
只	zhi
叫	jiao
召	shao
叭	ba
叮	ding
可	ke
台	tai
叱	chi
史	shi
右	you
叵	po
叶	xie
号	hao
司	si
叹	tan
叻	le
叼	diao
叽	ji
吁	xu
吃	chi
各	ge
吆	yao
合	ge
吉	ji
吊	diao
吋	cun
同	tong
名	ming
后	hou
吏	li
吐	tu
向	xiang
吒	zha
吓	he
吕	lü
吗	ma
吚	yi
君	jun
吝	lin
吞	tun
吟	yin
吠	fei
吡	bi
吢	qin
吣	qin
吥	bu
否	fou
吧	ba
吨	dun
吩	fen
吪	e
含	han
听	ting
吭	hang
吮	shun
启	qi
吰	hong
吱	zhi
吲	yin
吳	wu
吴	wu
吵	chao
吸	xi
吹	chui
吻	wen
吼	hou
吽	hong
吾	wu
呀	ya
呃	e
呆	ai
呈	cheng
告	gao
呋	fu
呌	jiao
呎	chi
呐	na
呒	ḿ
呓	yi
呔	dai
呕	ou
呖	li
呗	bai
员	yuan
呙	guo
呛	qiang
呜	wu
呝	e
呢	ne
呣	ḿ
呤	ling
呦	you
周	zhou
呪	zhou
呰	zi
呱	gu
呲	ci
味	wei
呵	a
呶	nao
呷	ga
呸	pei
呻	shen
呼	hu
命	ming
咀	ju
咂	za
咄	duo
咆	pao
咋	za
和	he
咍	hai
咎	jiu
咏	yong
咐	fu
咑	da
咒	zhou
咔	ka
咕	gu
咖	ga
咙	long
咚	dong
咛	ning
咝	si
咣	guang
咤	zha
咦	yi
咧	lie
咨	zi
咩	mie
咪	mi
咫	zhi
咬	yao
咭	ji
咮	zhou
咯	ge
咱	za
咲	xiao
咳	hai
咴	hui
咵	kua
咷	tao
咸	xian
咻	xiu
咼	guo
咽	yan
咿	yi
哀	ai
品	pin
哂	shen
哄	hong
哅	xiong
哆	duo
哇	wa
哈	ha
哉	zai
哌	pai
响	xiang
哎	ai
哏	gen
哐	kuang
哑	ya
哓	xiao
哔	bi
哕	hui
哗	hua
哙	kuai
哚	duo
哜	ji
哝	nong
哞	mou
哟	yo
哢	long
哥	ge
哦	e
哧	chi
哨	shao
哩	li
哪	na
哭	ku
哮	xiao
哱	bo
哲	zhe
哳	zha
哶	mie
哺	bu
哼	heng
哽	geng
哿	ge
唁	yan
唆	suo
唇	chun
唈	yi
唉	ai
唏	xi
唐	tang
唑	zuo
唔	n
唕	zao
唗	dou
唙	di
唚	qin
唝	gong
唠	lao
唡	liang
唢	suo
唣	zao
唤	huan
唧	ji
唪	feng
唫	jin
唬	hu
售	shou
唯	wei
唰	shua
唱	chang
唳	li
唷	yo
唸	nian
唼	sha
唾	tuo
唿	hu
啁	zhao
啃	ken
啄	zhuo
商	shang
啈	heng
啉	lin
啊	a
啎	wu
啐	cui
啓	qi
啕	tao
啖	dan
啗	dan
啙	zi
啜	chuai
啞	ya
啟	qi
啡	fei
啢	liang
啣	xian
啤	pi
啥	sha
啦	la
啧	ze
啪	pa
啬	se
啭	zhuan
啮	nie
啴	chan
啵	bo
啶	ding
啷	lang
啸	xiao
啻	chi
啼	ti
啾	jiu
喀	ka
喁	yong
喂	wei
喃	nan
善	shan
喆	zhe
喇	la
喈	jie
喉	hou
喊	han
喋	die
喌	zhou
喎	wai
喏	nuo
喑	yin
喒	za
喓	yao
喔	o
喘	chuan
喙	hui
喜	xi
喝	he
喟	kui
喤	huang
喧	xuan
喨	liang
喪	sang
喫	chi
喬	qiao
喭	yan
單	chan
喱	li
喳	cha
喵	miao
喷	pen
喹	kui
喻	yu
喽	lou
喾	ku
嗁	ti
嗄	a
嗅	xiu
嗆	qiang
嗇	se
嗈	yong
嗉	su
嗌	ai
嗍	suo
嗐	hai
嗑	ke
嗒	da
嗓	sang
嗔	chen
嗖	sou
嗙	pang
嗚	wu
嗛	qian
嗜	shi
嗝	ge
嗞	zi
嗟	jie
嗡	weng
嗣	si
嗤	chi
嗥	hao
嗦	suo
嗨	hai
嗪	qin
嗫	nie
嗬	he
嗯	n
嗲	dia
嗳	ai
嗵	tong
嗶	bi
嗷	ao
嗻	zhe
嗽	sou
嗾	sou
嘀	di
嘁	qi
嘅	kai
嘆	tan
嘈	cao
嘉	jia
嘌	piao
嘍	lou
嘎	ga
嘏	gu
嘑	hu
嘒	hui
嘔	ou
嘗	chang
嘘	shi
嘚	de
嘛	ma
嘞	lei
嘟	du
嘡	tang
嘣	beng
嘤	ying
嘦	jiao
嘧	mi
嘩	hua
嘬	chuai
嘭	peng
嘮	lao
嘯	xiao
嘰	ji
嘱	zhu
嘲	chao
嘴	zui
嘵	xiao
嘶	si
嘸	ḿ
嘹	liao
嘻	xi
嘽	chan
嘿	hei
噀	xun
噁	e
噆	zan
噇	chuang
噉	dan
噌	ceng
噍	jiao
噎	ye
噏	xi
噐	qi
噑	hao
噔	deng
噗	pu
噘	jue
噙	qin
噚	xun
噜	lu
噝	si
噠	da
噢	o
噤	jin
噥	nong
噦	hui
器	qi
噩	e
噪	zao
噫	yi
噬	shi
噭	jiao
噯	ai
噰	yong
噱	jue
噲	kuai
噶	ga
噷	hm
噸	dun
噹	dang
噻	sai
噼	pi
噽	pi
嚀	ning
嚃	ta
嚄	huo
嚅	ru
嚆	hao
嚇	he
嚌	ji
嚎	hao
嚏	ti
嚐	chang
嚓	ca
嚙	nie
嚚	yin
嚜	me
嚣	ao
嚥	yan
嚦	li
嚨	long
嚫	chen
嚬	pin
嚭	pi
嚮	xiang
嚯	huo
嚲	duo
嚳	ku
嚴	yan
嚷	rang
嚻	xiao
嚼	jiao
嚾	huan
囀	zhuan
囁	nie
囅	chan
囈	yi
囉	luo
囊	nang
囌	su
囑	zhu
囔	nang
囘	hui
囚	qiu
四	si
囝	jian
回	hui
囟	xin
因	yin
囡	nan
团	tuan
囤	dun
囥	kang
囫	hu
囬	hui
园	yuan
囮	e
囯	guo
困	kun
囱	cong
围	wei
囵	lun
囷	qun
囹	ling
固	gu
国	guo
图	tu
囿	you
圂	hun
圃	pu
圄	yu
圅	han
圆	yuan
圇	lun
圈	juan
圉	yu
圊	qing
國	guo
圌	chuan
圍	wei
圐	ku
園	yuan
圕	tu
圖	tu
團	tuan
圙	lüe
圜	huan
圝	luan
圞	luan
土	tu
圣	sheng
在	zai
圩	wei
圪	ge
圬	wu
圭	gui
圮	pi
圯	yi
地	de
圳	zhen
圹	kuang
场	chang
圻	qi
圾	ji
址	zhi
坂	ban
均	jun
坊	fang
坋	ben
坌	ben
坍	tan
坎	kan
坏	huai
坐	zuo
坑	keng
块	kuai
坚	jian
坛	tan
坜	li
坝	ba
坞	wu
坟	fen
坠	zhui
坡	po
坢	ban
坤	kun
坦	tan
坨	tuo
坩	gan
坪	ping
坫	dian
坭	ni
坯	pi
坳	ao
坵	qiu
坶	mu
坷	jiong
坻	chi
坼	che
坿	fu
垂	chui
垃	la
垄	long
垆	lu
垇	ao
型	xing
垌	dong
垍	ji
垒	lei
垓	gai
垕	hou
垚	yao
垛	duo
垜	duo
垝	gui
垞	cha
垟	yang
垠	yin
垡	fa
垢	gou
垣	yuan
垤	die
垦	ken
垧	shang
垩	e
垫	dian
垭	ya
垮	kua
垯	da
垱	dang
垲	kai
垴	nao
垵	an
垸	yuan
垽	yin
垿	xu
埂	geng
埃	ai
埆	que
埋	mai
埌	lang
城	cheng
埏	shan
埒	lie
埔	bu
埕	cheng
埘	shi
埙	xun
埚	guo
埜	ye
埝	nian
域	yu
埠	bu
埡	ya
埤	pi
埨	lun
埭	dai
埯	an
埰	cai
埳	kan
埴	zhi
埵	duo
執	zhi
埸	yi
培	pei
基	ji
埻	zhun
埼	qi
埽	sao
堀	ku
堂	tang
堃	kun
堄	ni
堅	jian
堆	dui
堇	jin
堉	yu
堊	e
堋	peng
堌	gu
堍	tu
堎	leng
堑	qian
堕	duo
堖	nao
堘	cheng
堙	yin
堝	guo
堞	die
堠	hou
堡	bao
堤	di
堦	jie
堧	ruan
堩	geng
堪	kan
堯	yao
堰	yan
報	bao
場	chang
堵	du
堶	tuo
堽	gang
堾	chun
堿	jian
塃	huang
塄	leng
塅	duan
塆	wan
塈	ji
塊	kuai
塋	ying
塌	ta
塍	cheng
塏	kai
塑	su
塒	shi
塔	da
塕	weng
塗	tu
塘	tang
塙	que
塜	zhong
塝	bang
塞	sai
塢	wu
塥	ge
塨	gong
填	tian
塬	yuan
塮	xie
塱	lang
塲	chang
塵	chen
塼	zhuan
塽	shuang
塾	shu
墀	chi
墁	man
境	jing
墅	shu
墈	kan
墉	yong
墊	dian
墐	jin
墒	shang
墓	mu
墖	ta
墘	qian
墙	qiang
墚	liang
墜	zhui
墝	qiao
增	zeng
墟	xu
墠	shan
墡	shan
墦	fan
墨	mo
墩	dun
墬	di
墮	duo
墰	tan
墳	fen
墶	da
墻	qiang
墼	ji
墾	ken
壁	bi
壄	ye
壅	yong
壇	tan
壈	lan
壋	dang
壎	xun
壑	he
壓	ya
壕	hao
壖	ruan
壘	lei
壙	kuang
壚	lu
壜	tan
壞	huai
壟	long
壠	long
壢	li
壤	rang
壩	ba
壪	wan
士	shi
壬	ren
壮	zhuang
壯	zhuang
声	sheng
壳	ke
壶	hu
壸	kun
壹	yi
壺	hu
壻	xu
壼	kun
壽	shou
夀	shou
处	chu
备	bei
复	fu
夏	xia
夐	xiong
夒	nao
夔	kui
夕	xi
外	wai
夙	su
多	duo
夜	ye
够	gou
夠	gou
夢	meng
夤	yin
夥	huo
大	da
天	tian
太	tai
夫	fu
夬	guai
夭	yao
央	yang
夯	ben
失	shi
头	tou
夷	yi
夸	kua
夹	ga
夺	duo
夼	kuang
夾	ga
夿	ba
奀	en
奁	lian
奂	huan
奄	yan
奅	pao
奇	ji
奈	nai
奉	feng
奋	fen
奎	kui
奏	zou
奐	huan
契	qi
奓	zha
奔	ben
奕	yi
奖	jiang
套	tao
奘	zang
奚	xi
奠	dian
奡	ao
奢	she
奤	ha
奥	ao
奩	lian
奪	duo
奬	jiang
奭	shi
奮	fen
奰	bi
奲	duo
女	nü
奴	nu
奶	nai
奸	jian
她	ta
奼	cha
好	hao
妁	shuo
如	ru
妃	fei
妄	wang
妆	zhuang
妇	fu
妈	ma
妊	ren
妍	yan
妒	du
妓	ji
妖	yao
妗	jin
妘	yun
妙	miao
妝	zhuang
妞	niu
妣	bi
妤	yu
妥	tuo
妨	fang
妩	wu
妪	yu
妫	gui
妬	du
妮	ni
妯	zhou
妲	da
妹	mei
妺	mo
妻	qi
妾	qie
姁	xu
姆	mu
姊	zi
始	shi
姍	shan
姐	jie
姑	gu
姒	si
姓	xing
委	wei
姗	shan
姘	pin
姙	ren
姚	yao
姜	jiang
姝	shu
姞	ji
姣	jiao
姥	lao
姦	jian
姨	yi
姪	zhi
姬	ji
姮	heng
姱	kua
姸	yan
姹	cha
姻	yin
姽	gui
姿	zi
娀	song
威	wei
娃	wa
娄	lou
娅	ya
娆	rao
娇	jiao
娈	luan
娉	ping
娌	li
娑	suo
娒	mei
娓	wei
娖	chuo
娘	niang
娜	na
娟	juan
娠	shen
娣	di
娥	e
娩	mian
娬	wu
娭	ai
娱	yu
娲	wa
娴	xian
娶	qu
娼	chang
娿	e
婀	e
婁	lou
婆	po
婉	wan
婊	biao
婕	jie
婗	ni
婚	hun
婞	xing
婢	bi
婣	yin
婦	fu
婧	jing
婪	lan
婬	yin
婭	ya
婳	hua
婴	ying
婵	chan
婶	shen
婷	ting
婺	wu
婼	chuo
婾	tou
婿	xu
媒	mei
媕	an
媖	ying
媚	mei
媛	yuan
媟	xie
媢	mao
媧	wa
媪	ao
媭	xu
媯	gui
媲	pi
媳	xi
媵	ying
媸	chi
媾	gou
媿	kui
嫁	jia
嫂	sao
嫄	yuan
嫉	ji
嫋	niao
嫌	xian
嫏	lang
嫒	ai
嫔	pin
嫕	yi
嫖	piao
嫗	yu
嫘	lei
嫚	man
嫛	yi
嫜	zhang
嫠	li
嫡	di
嫣	yan
嫦	chang
嫩	nen
嫪	lao
嫫	mo
嫱	qiang
嫳	pie
嫵	wu
嫺	xian
嫽	liao
嫿	hua
嬀	gui
嬈	rao
嬉	xi
嬋	chan
嬌	jiao
嬎	fan
嬖	bi
嬗	shan
嬙	qiang
嬛	huan
嬡	ai
嬪	pin
嬭	nai
嬲	niao
嬴	ying
嬷	ma
嬸	shen
嬾	lan
孀	shuang
孃	niang
孌	luan
子	zi
孑	jie
孓	jue
孔	kong
孕	yun
孖	ma
字	zi
存	cun
孙	sun
孚	fu
孛	bei
孜	zi
孝	xiao
孟	meng
孢	bao
季	ji
孤	gu
孥	nu
学	xue
孩	hai
孪	luan
孫	sun
孬	nao
孰	shu
孱	can
孳	zi
孵	fu
學	xue
孺	ru
孼	nie
孽	nie
孿	luan
宁	ning
宂	rong
它	ta
宄	gui
宅	zhai
宇	yu
守	shou
安	an
宋	song
完	wan
宏	hong
宓	mi
宕	dang
宗	zong
官	guan
宙	zhou
定	ding
宛	wan
宜	yi
宝	bao
实	shi
宠	chong
审	shen
客	ke
宣	xuan
室	shi
宥	you
宦	huan
宧	yi
宪	xian
宫	gong
宬	cheng
宭	qun
宰	zai
害	hai
宴	yan
宵	xiao
家	jia
宸	chen
容	rong
宽	kuan
宾	bin
宿	su
寀	cai
寂	ji
寃	yuan
寄	ji
寅	yin
密	mi
寇	kou
富	fu
寐	mei
寒	han
寓	yu
寔	shi
寖	jin
寘	zhi
寛	kuan
寝	qin
寞	mo
察	cha
寡	gua
寢	qin
寤	wu
寥	liao
實	shi
寧	ning
寨	zhai
審	shen
寫	xie
寮	liao
寯	jun
寰	huan
寱	yi
寳	bao
寵	chong
寶	bao
寸	cun
对	dui
寺	si
寻	xin
导	dao
寿	shou
封	feng
射	she
尅	ke
将	jiang
將	jiang
專	zhuan
尉	wei
尊	zun
尋	xin
對	dui
導	dao
小	xiao
少	shao
尔	er
尕	ga
尖	jian
尗	shu
尘	chen
尚	shang
尜	ga
尝	chang
尟	xian
尠	xian
尢	you
尤	you
尥	liao
尧	yao
尨	mang
尬	ga
就	jiu
尲	gan
尴	gan
尷	gan
尸	shi
尹	yin
尺	che
尻	kao
尼	ni
尽	jin
尾	wei
尿	niao
局	ju
屁	pi
层	ceng
屃	xi
屄	bi
居	ju
屆	jie
屈	qu
屉	ti
届	jie
屋	wu
屌	diao
屍	shi
屎	shi
屏	bing
屐	ji
屑	xie
展	zhan
屙	e
屜	ti
属	shu
屟	xie
屠	tu
屡	lü
屢	lü
屣	xi
層	ceng
履	lü
屦	ju
屧	xie
屨	ju
屩	jue
屬	shu
屭	xi
屯	tun
山	shan
屹	ge
屺	qi
屼	wu
屾	shen
屿	yu
岁	sui
岂	qi
岈	ya
岌	ji
岍	qian
岐	qi
岑	cen
岔	cha
岖	qu
岗	gang
岘	xian
岙	ao
岚	lan
岛	dao
岜	ba
岞	zuo
岡	gang
岢	ke
岣	gou
岧	tiao
岩	yan
岫	xiu
岬	jia
岭	ling
岱	dai
岳	yue
岵	hu
岷	min
岸	an
岹	tiao
岽	dong
岾	han
岿	kui
峁	mao
峂	tong
峃	xue
峄	yi
峇	ba
峋	xun
峒	dong
峕	shi
峙	shi
峡	xia
峣	yao
峤	jiao
峥	zheng
峦	luan
峧	jiao
峨	e
峩	e
峪	yu
峬	bu
峭	qiao
峯	feng
峰	feng
峱	nao
島	dao
峻	jun
峽	xia
崀	lang
崁	kan
崂	lao
崃	lai
崄	xian
崆	kong
崇	chong
崍	lai
崎	qi
崑	kun
崒	zu
崔	cui
崕	ya
崖	ya
崗	gang
崙	lun
崚	leng
崛	jue
崞	guo
崟	yin
崤	xiao
崦	yan
崧	song
崩	beng
崪	zu
崬	dong
崭	zhan
崮	gu
崯	yin
崴	wai
崽	zai
嵇	ji
嵊	sheng
嵋	mei
嵌	kan
嵎	yu
嵒	yan
嵖	cha
嵗	sui
嵘	rong
嵚	qin
嵛	yu
嵝	lou
嵩	song
嵫	zi
嵬	wei
嵯	cuo
嵲	nie
嵽	die
嶁	lou
嶂	zhang
嶅	ao
嶇	qu
嶍	xi
嶒	ceng
嶓	bo
嶕	jiao
嶗	lao
嶙	lin
嶝	deng
嶠	jiao
嶢	yao
嶧	yi
嶨	xue
嶩	nao
嶮	xian
嶰	xie
嶲	xi
嶴	ao
嶷	yi
嶸	rong
嶺	ling
嶼	yu
嶽	yue
巅	dian
巇	xi
巉	chan
巋	kui
巍	wei
巎	nao
巒	luan
巖	yan
巘	yan
川	chuan
州	zhou
巠	jing
巡	xun
巢	chao
工	gong
左	zuo
巧	qiao
巨	ju
巩	gong
巫	wu
差	cha
巯	qiu
巰	qiu
己	ji
已	si
巳	si
巴	ba
巵	zhi
巷	hang
巽	xun
巾	jin
帀	za
币	bi
市	fu
布	bu
帅	shuai
帆	fan
师	shi
帊	pa
帋	zhi
希	xi
帏	wei
帐	zhang
帑	tang
帔	pei
帕	pa
帖	tie
帘	lian
帙	zhi
帚	zhou
帛	bo
帜	zhi
帝	di
帡	ping
帣	juan
帥	shuai
带	dai
帧	zheng
帨	shui
帩	qiao
師	shi
帬	qun
席	xi
帮	bang
帱	chou
帳	zhang
帵	wan
帶	dai
帷	wei
常	chang
帻	ze
帼	guo
帽	mao
幂	mi
幃	wei
幄	wo
幅	fu
幈	ping
幌	huang
幎	mi
幔	man
幕	mu
幖	biao
幗	guo
幛	zhang
幞	fu
幟	zhi
幠	hu
幡	fan
幢	chuang
幣	bi
幧	qiao
幪	meng
幫	bang
幬	chou
幮	chu
幰	xian
幱	lan
干	gan
平	ping
年	nian
并	bing
幸	xing
幹	gan
幺	yao
幻	huan
幼	you
幽	you
幾	ji
广	an
庀	pi
庄	zhuang
庆	qing
庇	bi
床	chuang
庋	gui
序	xu
庐	lu
庑	wu
库	ku
应	ying
底	de
庖	pao
店	dian
庙	miao
庚	geng
府	fu
庞	pang
废	fei
庠	xiang
庤	zhi
庥	xiu
度	du
座	zuo
庪	gui
庭	ting
庯	bu
庳	bi
庵	an
庶	shu
康	kang
庸	yong
庹	tuo
庼	qing
庽	yu
庾	yu
廁	ce
廂	xiang
廄	jiu
廆	gui
廈	sha
廉	lian
廊	lang
廋	sou
廐	jiu
廑	jin
廒	ao
廓	kuo
廕	yin
廖	liao
廙	yi
廚	chu
廛	chan
廝	si
廟	miao
廠	chang
廡	wu
廢	fei
廣	guang
廨	xie
廩	lin
廪	lin
廬	lu
廳	ting
廵	xun
延	yan
廷	ting
廸	di
廹	pai
建	jian
廻	hui
廼	nai
廿	nian
开	kai
弁	bian
异	yi
弃	qi
弄	long
弆	ju
弇	yan
弈	yi
弊	bi
弋	yi
弌	yi
弍	er
弎	san
式	shi
弑	shi
弓	gong
弔	diao
引	yin
弗	fu
弘	hong
弛	chi
弟	di
张	zhang
弢	tao
弥	mi
弦	xian
弧	hu
弨	chao
弩	nu
弪	jing
弭	mi
弮	quan
弯	wan
弱	ruo
張	zhang
弶	jiang
強	jiang
弸	peng
弹	dan
强	jiang
弻	bi
弼	bi
彀	gou
彄	kou
彆	bie
彈	dan
彉	guo
彊	jiang
彌	mi
彍	guo
彎	wan
归	gui
当	dang
录	lu
彖	tuan
彗	hui
彘	zhi
彙	hui
彜	yi
彝	yi
彟	yue
彠	yue
形	xing
彤	tong
彦	yan
彧	yu
彩	cai
彪	biao
彫	diao
彬	bin
彭	peng
彰	zhang
影	ying
彳	chi
彷	fang
役	yi
彻	che
彼	bi
彿	fu
往	wang
征	zheng
徂	cu
径	jing
待	dai
徇	xun
很	hen
徉	yang
徊	huai
律	lü
後	hou
徐	xu
徑	jing
徒	tu
徕	lai
得	de
徘	pai
徙	xi
徛	ji
徜	chang
從	cong
徠	lai
御	yu
徧	bian
徨	huang
復	fu
循	xun
徬	pang
徭	yao
微	wei
徯	xi
徵	zheng
德	de
徹	che
徼	jiao
徽	hui
心	xin
必	bi
忆	yi
忉	dao
忌	ji
忍	ren
忏	chan
忐	tan
忑	te
忒	te
忓	gan
忖	cun
志	zhi
忘	wang
忙	mang
忝	tian
忞	min
忠	zhong
忡	chong
忣	ji
忤	wu
忧	you
忨	wan
忪	song
快	kuai
忭	bian
忮	zhi
忱	chen
忳	tun
念	nian
忷	xiong
忸	niu
忺	xian
忻	xin
忼	kang
忽	hu
忾	kai
忿	fen
怀	huai
态	tai
怂	song
怃	wu
怄	ou
怅	chang
怆	chuang
怊	chao
怍	zuo
怎	zen
怏	yang
怒	nu
怔	zheng
怕	pa
怖	bu
怙	hu
怛	da
怜	lian
思	sai
怠	dai
怡	yi
急	ji
怦	peng
性	xing
怨	yuan
怩	ni
怪	guai
怫	fu
怯	qie
怱	cong
怳	huang
怵	chu
怹	tan
总	zong
怼	dui
怿	yi
恁	nen
恂	xun
恃	shi
恆	heng
恇	kuang
恉	zhi
恋	lian
恍	huang
恐	kong
恒	heng
恓	xi
恕	shu
恙	yang
恚	hui
恝	jia
恟	xiong
恠	guai
恢	hui
恣	zi
恤	xu
恥	chi
恧	nü
恨	hen
恩	en
恪	ke
恫	dong
恬	tian
恭	gong
息	xi
恰	qia
恳	ken
恶	e
恸	tong
恹	yan
恺	kai
恻	ce
恼	nao
恽	yun
恿	yong
悂	pi
悃	kun
悄	qiao
悉	xi
悌	ti
悍	han
悒	yi
悔	hui
悖	bei
悚	song
悛	quan
悝	kui
悞	wu
悟	wu
悠	you
悢	liang
患	huan
悤	cong
悦	yue
您	nin
悫	que
悬	xuan
悭	qian
悯	min
悱	fei
悲	bei
悴	cui
悵	chang
悸	ji
悻	xing
悼	dao
悽	qi
悾	kong
惄	ni
情	qing
惆	chou
惇	dun
惊	jing
惋	wan
惎	ji
惑	huo
惓	quan
惕	ti
惘	wang
惙	chuo
惚	hu
惛	hun
惜	xi
惝	chang
惟	wei
惠	hui
惡	e
惦	dian
惧	ju
惨	can
惩	cheng
惪	de
惫	bei
惬	qie
惭	can
惮	dan
惯	guan
惰	duo
惱	nao
想	xiang
惴	zhui
惶	huang
惷	chun
惸	qiong
惹	re
惺	xing
惼	bian
惽	min
愀	qiao
愁	chou
愆	qian
愈	yu
愉	yu
愊	bi
愍	min
愎	bi
意	yi
愐	mian
愒	kai
愔	yin
愕	e
愙	ke
愚	yu
愛	ai
愜	qie
感	gan
愠	yun
愣	leng
愤	fen
愦	kui
愧	kui
愨	que
愫	su
愬	su
愴	chuang
愷	kai
愾	kai
愿	yuan
慁	hun
慂	yong
慄	li
慇	yin
慈	ci
慊	qian
態	tai
慌	huang
慎	shen
慑	she
慓	piao
慕	mu
慘	can
慙	can
慜	min
慝	te
慟	tong
慠	ao
慢	man
慤	que
慥	zao
慧	hui
慨	kai
慪	ou
慫	song
慭	yin
慮	lü
慰	wei
慳	qian
慴	she
慵	yong
慶	qing
慷	kang
慼	qi
慾	yu
憂	you
憃	chong
憇	qi
憊	bei
憋	bie
憎	zeng
憐	lian
憑	ping
憓	hui
憔	qiao
憖	yin
憙	xi
憚	dan
憝	dui
憧	chong
憨	han
憩	qi
憬	jing
憭	liao
憮	wu
憯	can
憱	cu
憲	xian
憶	yi
憷	chu
憹	nao
憾	han
懁	xuan
懂	dong
懃	qin
懆	cao
懇	ken
懈	xie
應	ying
懊	ao
懋	mao
懌	yi
懍	lin
懑	men
懒	lan
懔	lin
懕	yan
懜	meng
懟	dui
懣	men
懦	nuo
懨	yan
懲	cheng
懵	meng
懷	huai
懸	xuan
懺	chan
懼	ju
懽	huan
懾	she
懿	yi
戀	lian
戆	gang
戈	ge
戉	yue
戊	wu
戋	jian
戌	qu
戍	shu
戎	rong
戏	hu
成	cheng
我	wo
戒	jie
戔	jian
戕	qiang
或	huo
戗	qiang
战	zhan
戚	qi
戛	jia
戞	jia
戟	ji
戡	kan
戢	ji
戣	kui
戤	gai
戥	deng
戧	qiang
截	jie
戬	jian
戮	lu
戯	hu
戰	zhan
戲	hu
戳	chuo
戴	dai
户	hu
戹	e
戽	hu
戾	li
房	fang
所	suo
扁	bian
扃	jiong
扅	yi
扆	yi
扇	shan
扈	hu
扉	fei
扊	yan
手	shou
才	cai
扎	za
扑	pu
扒	ba
打	da
扔	reng
托	tuo
扛	gang
扞	gan
扠	cha
扣	kou
扤	wu
扦	qian
执	zhi
扩	kuo
扪	men
扫	sao
扬	yang
扭	niu
扮	ban
扯	che
扰	rao
扳	ban
扶	fu
批	pi
扺	zhi
扼	e
扽	den
找	zhao
承	cheng
技	ji
抃	bian
抄	chao
抆	wen
抈	yue
抉	jue
把	ba
抏	wan
抑	yi
抒	shu
抓	zhua
抔	pou
投	tou
抖	dou
抗	kang
折	she
抚	fu
抛	pao
抝	ao
抟	tuan
抠	kou
抡	lun
抢	qiang
护	hu
报	bao
抨	peng
披	pi
抬	tai
抱	bao
抴	ye
抵	di
抶	chi
抹	ma
抻	chen
押	ya
抽	chou
抿	min
拂	fu
拃	zha
拄	zhu
担	dan
拆	ca
拇	mu
拈	nian
拉	la
拊	fu
拋	pao
拌	ban
拍	pai
拎	lin
拏	na
拐	guai
拑	qian
拒	ju
拓	ta
拔	ba
拕	tuo
拖	tuo
拗	ao
拘	ju
拙	zhuo
拚	pan
招	zhao
拜	bai
拟	ni
拢	long
拣	jian
拤	qia
拥	yong
拦	lan
拧	ning
拨	bo
择	ze
括	gua
拭	shi
拮	jie
拯	zheng
拱	gong
拳	quan
拴	shuan
拶	za
拷	kao
拼	pin
拽	ye
拾	shi
拿	na
持	chi
挂	gua
指	zhi
挈	qie
按	an
挎	kua
挐	na
挑	tiao
挓	zha
挖	wa
挚	zhi
挛	luan
挜	ya
挝	wo
挞	ta
挟	jia
挠	nao
挡	dang
挢	jiao
挣	zheng
挤	ji
挥	hui
挦	xian
挨	ai
挪	nuo
挫	cuo
振	zhen
挱	sa
挲	sa
挶	ju
挹	yi
挺	ting
挼	rua
挽	wan
挾	xie
捂	wu
捃	jun
捄	jiu
捅	tong
捆	kun
捉	zhuo
捋	lü
捌	ba
捍	han
捎	shao
捏	nie
捐	juan
捕	bu
捘	zun
捝	tuo
捞	lao
损	sun
捡	jian
换	huan
捣	dao
捦	qin
捧	peng
捨	she
捩	lie
捭	bai
据	ju
捯	dao
捱	ai
捲	juan
捴	zong
捵	chen
捶	chui
捷	jie
捺	na
捻	nian
捽	zuo
掀	xian
掂	dian
掃	sao
掄	lun
掆	gang
掇	duo
授	shou
掉	diao
掊	pou
掌	zhang
掎	ji
掏	tao
掐	qia
排	pai
掖	ye
掗	ya
掘	jue
掛	gua
掞	shan
掠	lüe
採	cai
探	tan
掣	che
接	jie
控	kong
推	tui
掩	yan
措	cuo
掫	zhou
掬	ju
掭	tian
掮	qian
掯	ken
掰	bai
掱	pa
掳	lu
掴	guai
掷	zhi
掸	dan
掺	can
掼	guan
掽	peng
掾	yuan
揀	jian
揃	jian
揄	yu
揅	yan
揆	kui
揈	hong
揉	rou
揌	sai
揍	zou
揎	xuan
描	miao
提	di
插	cha
揕	zhen
揖	yi
揚	yang
揜	yan
揞	an
揠	ya
握	wo
揢	ke
揣	chuai
揦	la
揩	kai
揪	jiu
揭	jie
揲	die
揳	xie
援	yuan
揶	ye
揸	zha
揹	bei
揻	wei
揽	lan
揾	wen
揿	qin
搀	chan
搁	ge
搂	lou
搅	jiao
搆	gou
搇	qin
搉	que
搊	chou
搋	chuai
搌	zhan
搏	bo
搐	chu
搒	bang
搓	cuo
搔	sao
搕	ke
搗	dao
搛	jian
搜	sou
搞	gao
搠	shuo
搡	sang
搢	jin
搤	e
搥	chui
搦	nuo
搧	shan
搨	ta
搩	zha
搪	tang
搬	ban
搭	da
搯	tao
搰	hu
搳	hua
搴	qian
搶	qiang
携	xie
搽	cha
搾	zha
搿	ge
摀	wu
摁	en
摄	she
摅	shu
摆	bai
摇	yao
摈	bin
摊	tan
摋	sa
摑	guai
摒	bing
摔	shuai
摘	zhai
摛	chi
摞	luo
摟	lou
摠	zong
摣	zha
摧	cui
摩	ma
摭	zhi
摯	zhi
摳	kou
摴	chu
摶	tuan
摸	mo
摹	mo
摺	zhe
摻	can
摽	biao
撂	liao
撄	ying
撅	jue
撇	pie
撈	lao
撉	dun
撏	xian
撐	cheng
撑	cheng
撒	sa
撓	nao
撕	si
撖	han
撙	zun
撚	nian
撝	hui
撞	zhuang
撟	jiao
撢	dan
撣	dan
撤	che
撥	bo
撦	che
撧	jue
撨	fu
撩	liao
撬	qiao
播	bo
撮	cuo
撰	zhuan
撲	pu
撴	dun
撵	nian
撷	xie
撸	lu
撺	cuan
撻	ta
撼	han
撽	qiao
撾	wo
撿	jian
擀	gan
擁	yong
擂	lei
擄	lu
擅	shan
擇	ze
擊	ji
擋	dang
操	cao
擎	qing
擐	huan
擒	qin
擓	kuai
擔	dan
擕	xie
擖	ka
擗	pi
擘	bai
據	ju
擞	sou
擠	ji
擡	tai
擢	zhuo
擣	dao
擤	xing
擦	ca
擧	ju
擩	ru
擬	ni
擯	bin
擰	ning
擲	zhi
擴	kuo
擺	bai
擻	sou
擾	rao
擿	ti
攀	pan
攄	shu
攉	huo
攏	long
攒	cuan
攔	lan
攘	rang
攙	chan
攛	cuan
攜	xie
攝	she
攟	jun
攣	luan
攤	tan
攥	zuan
攩	dang
攪	jiao
攫	jue
攬	lan
攮	nang
支	zhi
攲	qi
收	shou
攷	kao
攸	you
改	gai
攻	gong
攽	ban
放	fang
政	zheng
敁	dian
敂	kou
敃	min
故	gu
效	xiao
敉	mi
敌	di
敍	xu
敏	min
救	jiu
敔	yu
敕	chi
敖	ao
敘	xu
教	jiao
敚	duo
敛	lian
敝	bi
敞	chang
敠	duo
敢	gan
散	san
敦	dui
敨	tou
敩	xiao
敫	jiao
敬	jing
敭	yang
数	shu
敲	qiao
整	zheng
敵	di
敷	fu
數	shu
敺	qu
斂	lian
斃	bi
斅	xiao
文	wen
斈	xue
斋	zhai
斌	bin
斐	fei
斑	ban
斓	lan
斗	dou
料	liao
斚	jia
斛	hu
斜	xie
斝	jia
斟	zhen
斠	jiao
斡	wo
斢	tiao
斤	jin
斥	chi
斧	fu
斨	qiang
斩	zhan
斫	zhuo
断	duan
斮	cuo
斯	si
新	xin
斲	zhuo
斶	chu
斷	duan
斸	zhu
方	fang
於	wu
施	shi
斾	pei
斿	you
旁	pang
旂	qi
旃	zhan
旄	mao
旅	lü
旆	pei
旋	xuan
旌	jing
旎	ni
族	zu
旐	zhao
旒	liu
旖	yi
旗	qi
旛	fan
旟	yu
无	mo
既	ji
日	ri
旦	dan
旧	jiu
旨	zhi
早	zao
旬	xun
旭	xu
旮	ga
旯	la
旰	gan
旱	han
时	shi
旷	kuang
旸	yang
旺	wang
旻	min
旾	chun
昀	yun
昂	ang
昃	ze
昆	kun
昇	sheng
昉	fang
昊	hao
昌	chang
明	ming
昏	hun
易	yi
昔	xi
昕	xin
昙	tan
昚	shen
昝	zan
昞	bing
星	xing
映	ying
昡	xuan
春	chun
昧	mei
昨	zuo
昪	bian
昫	xu
昭	zhao
是	shi
昰	shi
昱	yu
昳	die
昴	mao
昵	ni
昶	chang
昺	bing
昼	zhou
昽	long
显	xian
晁	chao
時	shi
晃	huang
晅	xuan
晉	jin
晋	jin
晌	shang
晏	yan
晒	shai
晓	xiao
晔	ye
晕	yun
晖	hui
晗	han
晚	wan
晝	zhou
晞	xi
晟	cheng
晡	bu
晢	zhe
晣	zhe
晤	wu
晦	hui
晨	chen
晬	zui
普	pu
景	jing
晰	xi
晳	xi
晴	qing
晶	jing
晷	gui
智	zhi
晻	an
晾	liang
暂	zan
暄	xuan
暅	geng
暇	xia
暋	min
暌	kui
暍	ye
暎	ying
暐	wei
暑	shu
暕	jian
暗	an
暘	yang
暠	gao
暢	chang
暧	ai
暨	ji
暮	mu
暱	ni
暴	bao
暵	han
暹	xian
暾	tun
曀	yi
曄	ye
曆	li
曇	tan
曈	tong
曉	xiao
曌	zhao
曏	xiang
曖	ai
曙	shu
曚	meng
曛	xun
曜	yao
曝	pu
曠	kuang
曡	die
曦	xi
曨	long
曩	nang
曬	shai
曰	yue
曲	qu
曳	ye
更	geng
曷	he
書	shu
曹	cao
曼	man
曾	ceng
替	ti
最	zui
會	hui
朅	qie
朆	fen
月	yue
有	you
朊	ruan
朋	peng
服	fu
朏	fei
朒	nü
朔	shuo
朕	zhen
朗	lang
望	wang
朝	chao
朞	ji
期	ji
朦	meng
朧	long
木	mu
未	wei
末	me
本	ben
札	zha
术	shu
朱	zhu
朳	ba
朴	piao
朵	duo
朶	duo
机	ji
朽	xiu
杀	sha
杂	za
权	quan
杆	gan
杇	wu
杈	cha
杉	sha
杌	wu
李	li
杏	xing
材	cai
村	cun
杓	biao
杕	di
杖	zhang
杙	yi
杜	du
杝	li
杞	qi
束	shu
杠	gang
条	tiao
来	lai
杧	mang
杨	yang
杩	ma
杪	miao
杭	hang
杯	bei
杰	jie
東	dong
杲	gao
杳	yao
杴	xian
杵	chu
杷	pa
杻	chou
杼	zhu
松	song
板	ban
极	ji
构	gou
枇	pi
枉	wang
枊	ang
枋	fang
析	xi
枑	hu
枒	ya
枓	dou
枕	zhen
林	lin
枘	rui
枚	mei
果	guo
枝	zhi
枞	cong
枢	shu
枣	zao
枥	li
枧	jian
枨	cheng
枪	qiang
枫	feng
枭	xiao
枯	ku
枰	ping
枱	tai
枲	xi
枳	zhi
枵	xiao
架	jia
枷	jia
枸	gou
枹	bao
枻	yi
柁	duo
柄	bing
柈	ban
柎	fu
柏	bai
某	mou
柑	gan
柒	qi
染	ran
柔	rou
柘	zhe
柙	xia
柚	you
柜	gui
柝	tuo
柞	zha
柟	nan
柠	ning
柢	di
查	cha
柩	jiu
柬	jian
柮	duo
柯	ke
柰	nai
柱	zhu
柳	liu
柴	chai
柵	shan
柷	chu
柹	shi
柺	guai
査	zha
柽	cheng
柿	shi
栀	zhi
栅	shan
标	biao
栈	zhan
栉	zhi
栊	long
栋	dong
栌	lu
栎	li
栏	lan
树	shu
栒	xun
栓	shuan
栔	qi
栖	qi
栗	li
栝	gua
栞	kan
栟	ben
校	jiao
栢	bai
栧	yi
栩	xu
株	zhu
栱	gong
栲	kao
栳	lao
样	yang
核	he
根	gen
栻	shi
格	ge
栽	zai
栾	luan
栿	fu
桀	jie
桁	heng
桂	gui
桃	tao
桄	guang
桅	wei
框	kuang
案	an
桉	an
桊	juan
桌	zhuo
桎	zhi
桐	tong
桑	sang
桓	huan
桔	jie
桕	jiu
桚	zan
桠	ya
桡	rao
桢	zhen
档	dang
桤	qi
桥	qiao
桦	hua
桧	gui
桨	jiang
桩	zhuang
桫	suo
桮	bei
桯	ting
桲	po
桴	fu
桶	tong
桷	jue
桹	lang
桼	qi
桿	gan
梁	liang
梃	ting
梅	mei
梆	bang
梏	gu
梐	bi
梓	zi
梔	zhi
梗	geng
梜	jia
條	tiao
梟	xiao
梢	sao
梦	meng
梧	wu
梨	li
梩	li
梭	suo
梮	ju
梯	ti
械	xie
梳	shu
梵	fan
梹	bin
梼	tao
梽	zhi
梾	lai
梿	lian
检	jian
棁	zhuo
棂	ling
棃	li
棄	qi
棉	mian
棊	qi
棋	qi
棍	gun
棐	fei
棑	pai
棒	bang
棓	bang
棕	zong
棖	cheng
棗	zao
棘	ji
棚	peng
棟	dong
棠	tang
棡	gang
棣	di
棧	zhan
棨	qi
棪	yan
棫	yu
棬	quan
森	sen
棰	chui
棱	leng
棲	qi
棵	ke
棶	lai
棹	zhao
棺	guan
棻	fen
棼	fen
棽	shen
椀	wan
椁	guo
椅	yi
椉	cheng
椋	liang
植	zhi
椎	chui
椏	ya
椐	ju
椑	bei
椒	jiao
椓	zhuo
椗	ding
椟	du
椠	qian
椤	luo
椥	zhi
椪	peng
椭	tuo
椰	ye
椳	wei
椴	duan
椶	zong
椸	yi
椹	shen
椽	chuan
椾	jian
椿	chun
楂	cha
楊	yang
楔	xie
楗	jian
楚	chu
楛	hu
楝	lian
楞	leng
楠	nan
楣	mei
楥	xuan
楦	xuan
楩	pian
楫	ji
楬	jie
業	ye
楮	chu
楯	dun
楳	mei
極	ji
楷	jie
楸	qiu
楹	ying
楼	lou
榀	pin
概	gai
榃	tan
榄	lan
榅	wen
榆	yu
榇	chen
榈	lü
榉	ju
榑	fu
榔	lang
榕	rong
榖	gu
榘	ju
榛	zhen
榜	bang
榤	jie
榥	huang
榦	gan
榧	fei
榨	zha
榫	sun
榭	xie
榮	rong
榰	zhi
榱	cui
榴	liu
榷	que
榻	ta
榼	ke
榾	gu
榿	qi
槀	gao
槁	gao
槃	pan
槊	shuo
構	gou
槌	chui
槍	qiang
槎	cha
槐	huai
槑	mei
槓	gang
槔	gao
槖	tuo
槚	jia
槛	jian
槜	zui
槟	bin
槠	zhu
槥	hui
槨	guo
槭	qi
槲	hu
槳	jiang
槷	nie
槺	kang
槼	gui
槽	cao
槾	man
槿	jin
樀	di
樁	zhuang
樂	le
樅	cong
樊	fan
樑	liang
樓	lou
樗	chu
樘	tang
標	biao
樛	jiu
樝	zha
樞	shu
樟	zhang
模	mo
樣	yang
樨	xi
横	heng
樯	qiang
樱	ying
樵	qiao
樷	cong
樹	shu
樺	hua
樽	zun
樾	yue
橄	gan
橇	qiao
橈	rao
橋	qiao
橐	tuo
橘	ju
橙	chen
橛	jue
橜	jue
機	ji
橡	xiang
橢	tuo
橤	rui
橥	zhu
橦	tong
橰	gao
橱	chu
橹	lu
橼	yuan
檀	tan
檁	lin
檃	yin
檄	xi
檇	zui
檉	cheng
檎	qin
檐	yan
檑	lei
檔	dang
檗	bo
檛	zhua
檜	gui
檠	qing
檢	jian
檣	qiang
檥	yi
檩	lin
檫	cha
檬	meng
檮	tao
檯	tai
檳	bin
檵	ji
檸	ning
檻	jian
檾	qing
櫂	zhao
櫃	gui
櫆	kui
櫈	deng
櫛	zhi
櫜	gao
櫝	du
櫟	li
櫥	chu
櫨	lu
櫪	li
櫫	zhu
櫬	chen
櫳	long
櫸	ju
櫺	ling
櫼	jian
櫽	yin
欂	bo
欄	lan
權	quan
欋	qu
欏	luo
欑	cuan
欒	luan
欖	lan
欙	lei
欛	ba
欞	ling
欠	qian
次	ci
欢	huan
欣	xin
欤	yu
欧	ou
欬	kai
欱	he
欲	yu
欵	kuan
欷	xi
欸	ai
欺	qi
欻	chua
款	kuan
欿	kan
歃	sha
歅	yin
歆	xin
歇	xie
歈	yu
歉	qian
歌	ge
歎	tan
歐	ou
歔	xu
歗	xiao
歘	chua
歙	she
歜	chu
歟	yu
歠	chuo
歡	huan
止	zhi
正	zheng
此	ci
步	bu
武	wu
歧	qi
歪	wai
歳	sui
歷	li
歸	gui
歹	dai
死	si
歼	jian
殀	yao
殁	mo
殂	cu
殃	yang
殄	tian
殆	dai
殇	shang
殉	xun
殊	shu
残	can
殍	piao
殒	yun
殓	lian
殖	shi
殘	can
殚	dan
殛	ji
殠	chou
殡	bin
殣	jin
殤	shang
殪	yi
殫	dan
殭	jiang
殮	lian
殯	bin
殲	jian
殳	shu
殴	ou
段	duan
殷	yan
殺	sha
殻	qiao
殼	ke
殽	xiao
殿	dian
毁	hui
毂	gu
毅	yi
毆	ou
毉	yi
毋	wu
毌	guan
母	mu
每	mei
毐	ai
毑	jie
毒	du
毓	yu
比	bi
毕	bi
毖	bi
毗	pi
毘	pi
毙	bi
毛	mao
毡	zhan
毨	xian
毪	mu
毫	hao
毬	qiu
毯	tan
毰	pei
毳	cui
毵	san
毷	mao
毸	sai
毹	shu
毽	jian
毿	san
氂	mao
氄	rong
氅	chang
氆	pu
氇	lu
氈	zhan
氉	sao
氊	zhan
氍	qu
氏	shi
氐	di
民	min
氓	mang
气	qi
氕	pie
氖	nai
氘	dao
氙	xian
氚	chuan
氛	fen
氟	fu
氡	dong
氢	qing
氣	qi
氤	yin
氦	hai
氧	yang
氨	an
氩	ya
氪	ke
氫	qing
氬	ya
氮	dan
氯	lü
氰	qing
氲	yun
水	shui
氷	bing
永	yong
氹	dang
氽	tun
氾	fan
氿	gui
汀	ting
汁	zhi
求	qiu
汆	cuan
汇	hui
汈	diao
汉	han
汊	cha
汍	wan
汎	fan
汏	da
汐	xi
汔	qi
汕	shan
汗	han
汙	wu
汚	wu
汛	xun
汜	si
汝	ru
汞	gong
江	jiang
池	chi
污	wu
汤	shang
汧	qian
汨	mi
汩	gu
汪	wang
汫	jing
汭	rui
汰	tai
汲	ji
汴	bian
汶	wen
汹	xiong
決	jue
汽	qi
汾	fen
沁	qin
沂	yi
沃	wo
沄	yun
沅	yuan
沆	hang
沈	chen
沉	chen
沌	dun
沍	hu
沏	qi
沐	mu
沓	da
沔	mian
沖	chong
沘	bi
沙	sha
沚	zhi
沛	pei
沟	gou
没	mei
沣	feng
沤	ou
沥	li
沦	lun
沧	cang
沨	feng
沩	wei
沪	hu
沫	mo
沬	mei
沭	shu
沮	ju
沱	tuo
河	he
沴	li
沵	mi
沸	fei
油	you
治	zhi
沼	zhao
沽	gu
沾	zhan
沿	yan
況	kuang
泂	jiong
泃	ju
泄	xie
泅	qiu
泆	yi
泉	quan
泊	bo
泌	bi
泐	le
泓	hong
泔	gan
法	fa
泖	mao
泗	si
泚	ci
泛	fan
泜	zhi
泝	su
泞	ning
泠	ling
泡	pao
波	bo
泣	qi
泥	ni
注	zhu
泪	lei
泫	xuan
泮	pan
泯	min
泰	tai
泱	yang
泳	yong
泵	beng
泷	long
泸	lu
泺	luo
泻	xie
泼	po
泽	ze
泾	jing
洁	jie
洄	hui
洇	yin
洈	wei
洋	yang
洌	lie
洎	ji
洏	er
洑	fu
洒	sa
洗	xi
洙	zhu
洚	jiang
洛	luo
洞	dong
洟	ti
洣	mi
津	jin
洧	wei
洨	xiao
洩	xie
洪	hong
洫	xu
洭	kuang
洮	tao
洱	er
洲	zhou
洳	ru
洴	ping
洵	xun
洶	xiong
洸	guang
洹	huan
洺	ming
活	huo
洼	wa
洽	qia
派	pa
洿	wu
流	liu
浃	jia
浅	jian
浆	jiang
浇	jiao
浈	zhen
浉	shi
浊	zhuo
测	ce
浍	hui
济	ji
浐	chan
浑	hun
浒	hu
浓	nong
浔	xun
浕	jin
浙	zhe
浚	jun
浛	han
浜	bang
浞	zhuo
浠	xi
浡	bo
浣	huan
浥	yi
浦	pu
浩	hao
浪	lang
浬	hai
浮	fu
浯	wu
浴	yu
海	hai
浸	jin
浹	jia
浼	mei
涂	tu
涅	nie
涇	jing
消	xiao
涉	she
涊	nian
涌	chong
涎	xian
涐	e
涑	su
涓	juan
涔	cen
涕	ti
涖	li
涘	si
涛	tao
涝	lao
涞	lai
涟	lian
涠	wei
涡	guo
涢	yun
涣	huan
涤	di
润	run
涧	jian
涨	zhang
涩	se
涪	fu
涫	guan
涮	shuan
涯	ya
液	ye
涴	wo
涵	han
涸	he
涼	liang
涿	zhuo
淀	dian
淄	zi
淅	xi
淆	xiao
淇	qi
淊	yan
淋	lin
淌	tang
淏	hao
淑	shu
淒	qi
淖	nao
淘	tao
淙	cong
淚	lei
淛	zhe
淝	fei
淞	song
淟	tian
淠	pi
淡	dan
淤	yu
淦	gan
淨	jing
淩	ling
淪	lun
淫	yin
淬	cui
淮	huai
淯	yu
深	shen
淳	chun
淴	hu
淵	yuan
淶	lai
混	hun
淹	yan
淺	jian
添	tian
淼	miao
清	qing
渊	yuan
渌	lu
渍	zi
渎	du
渐	jian
渑	mian
渔	yu
渖	shen
渗	shen
渚	zhu
減	jian
渝	yu
渟	ting
渠	qu
渡	du
渣	zha
渤	bo
渥	wo
渦	guo
温	wen
渫	xie
渭	wei
港	gang
渲	xuan
渴	ke
游	you
渺	miao
渼	mei
湃	pai
湄	mei
湉	tian
湊	cou
湋	wei
湌	can
湍	tuan
湎	mian
湑	xu
湓	pen
湔	jian
湖	hu
湘	xiang
湛	zhan
湜	shi
湝	jie
湟	huang
湢	bi
湣	min
湦	sheng
湧	yong
湨	ju
湫	jiao
湮	yan
湯	shang
湲	yuan
湴	ban
湾	wan
湿	shi
溃	hui
溅	jian
溆	xu
溇	lou
溈	wei
溉	gai
溏	tang
源	yuan
準	zhun
溘	ke
溚	ta
溜	liu
溝	gou
溟	ming
溠	zha
溢	yi
溥	pu
溦	wei
溧	li
溪	xi
溮	shi
溯	su
溱	qin
溲	sou
溴	xiu
溵	yin
溶	rong
溷	hun
溺	ni
溻	ta
溼	shi
溽	ru
滀	chu
滁	chu
滂	pang
滃	weng
滄	cang
滅	mie
滆	ge
滇	dian
滈	hao
滉	huang
滋	zi
滌	di
滍	zhi
滎	xing
滏	fu
滑	hua
滓	zi
滔	tao
滕	teng
滗	bi
滘	jiao
滙	hui
滚	gun
滞	zhi
滟	yan
滠	she
满	man
滢	ying
滤	lü
滥	lan
滦	luan
滨	bin
滩	tan
滪	yu
滫	xiu
滬	hu
滮	biao
滯	zhi
滲	shen
滴	di
滷	lu
滹	hu
滻	chan
滾	gun
滿	man
漂	piao
漆	qi
漈	ji
漉	lu
漊	lou
漍	guo
漏	lou
漓	li
演	yan
漕	cao
漖	jiao
漘	chun
漙	tuan
漚	ou
漠	mo
漢	han
漤	lan
漦	chi
漩	xuan
漪	yi
漫	man
漭	mang
漯	luo
漱	shu
漲	zhang
漳	zhang
漶	huan
漷	huo
漻	liao
漾	yang
漿	jiang
潆	ying
潇	xiao
潋	lian
潍	wei
潏	yu
潑	po
潓	hui
潔	jie
潕	wu
潖	pa
潘	pan
潙	wei
潛	qian
潜	qian
潞	lu
潟	xi
潠	xun
潢	huang
潦	lao
潭	tan
潮	chao
潯	xun
潲	shao
潴	zhu
潵	sa
潷	bi
潸	shan
潺	chan
潼	tong
潽	pu
潿	wei
澀	se
澁	se
澂	cheng
澄	cheng
澆	jiao
澇	lao
澈	che
澉	gan
澌	si
澍	shu
澎	peng
澐	yun
澔	hao
澘	shan
澜	lan
澠	mian
澡	zao
澣	huan
澤	ze
澥	xie
澧	li
澨	shi
澫	wan
澮	hui
澱	dian
澳	ao
澴	huan
澶	chan
澹	dan
澼	pi
澽	ju
澾	ta
激	ji
濁	zhuo
濂	lian
濃	nong
濇	se
濉	sui
濑	lai
濒	bin
濔	mi
濕	shi
濘	ning
濛	meng
濜	jin
濞	bi
濟	ji
濠	hao
濡	ru
濤	tao
濫	lan
濬	jun
濮	pu
濯	zhuo
濱	bin
濶	kuo
濺	jian
濼	luo
濾	lü
瀅	ying
瀆	du
瀉	xie
瀋	shen
瀌	biao
瀍	chan
瀏	liu
瀑	bao
瀔	gu
瀘	lu
瀚	han
瀛	ying
瀝	li
瀟	xiao
瀠	ying
瀣	xie
瀦	zhu
瀧	long
瀰	mi
瀵	fen
瀹	yue
瀼	rang
瀽	jian
灃	feng
灄	she
灊	qian
灋	fa
灌	guan
灏	hao
灑	sa
灕	li
灘	tan
灞	ba
灠	lan
灣	wan
灤	luan
灧	yan
灨	gan
火	huo
灭	mie
灯	deng
灰	hui
灵	ling
灶	zao
灸	jiu
灺	xie
灼	zhuo
災	zai
灾	zai
灿	can
炀	yang
炁	qi
炅	gui
炆	wen
炉	lu
炊	chui
炎	yan
炒	chao
炔	gui
炕	kang
炖	dun
炘	xin
炙	zhi
炜	wei
炝	qiang
炟	da
炤	zhao
炧	xie
炫	xuan
炬	ju
炭	tan
炮	bao
炯	jiong
炱	tai
炳	bing
炷	zhu
炸	zha
点	dian
為	wei
炻	shi
炼	lian
炽	chi
烀	hu
烁	shuo
烂	lan
烃	ting
烈	lie
烊	yang
烏	wu
烔	tong
烖	zai
烘	hong
烙	lao
烛	zhu
烜	xuan
烝	zheng
烟	yan
烤	kao
烦	fan
烧	shao
烨	ye
烩	hui
烫	tang
烬	jin
热	re
烯	xi
烴	ting
烷	wan
烹	peng
烺	lang
烽	feng
焉	yan
焊	han
焌	jun
焐	wu
焓	han
焕	huan
焖	men
焗	ju
焘	dao
焙	bei
焚	fen
焜	kun
焠	cui
無	mo
焦	jiao
焫	ruo
焮	xin
焯	chao
焰	yan
焱	yan
然	ran
煅	duan
煇	hui
煉	lian
煊	xuan
煌	huang
煎	jian
煏	bi
煒	wei
煖	nuan
煗	nuan
煙	yan
煚	jiong
煜	yu
煞	sha
煠	zha
煢	qiong
煣	rou
煤	mei
煦	xu
照	zhao
煨	wei
煬	yang
煮	zhu
煲	bao
煳	hu
煴	yun
煸	bian
煺	tui
煽	shan
熄	xi
熊	xiong
熏	xun
熒	ying
熔	rong
熗	qiang
熘	liu
熙	xi
熛	biao
熜	cong
熟	shou
熠	yi
熥	teng
熨	yu
熬	ao
熯	han
熱	re
熳	man
熵	shang
熹	xi
熺	xi
熾	chi
燁	ye
燂	tan
燃	ran
燄	yan
燈	deng
燉	dun
燊	shen
燎	liao
燏	yu
燐	lin
燒	shao
燔	fan
燕	yan
燙	tang
燚	yi
營	ying
燠	yu
燥	zao
燦	can
燧	sui
燬	hui
燭	zhu
燮	xie
燴	hui
燹	xian
燻	xun
燼	jin
燾	dao
燿	yao
爆	bao
爇	ruo
爊	ao
爍	shuo
爐	lu
爔	xi
爕	xie
爗	ye
爚	yue
爛	lan
爝	jue
爨	cuan
爪	zhao
爬	pa
爭	zheng
爰	yuan
爱	ai
爲	wei
爵	jue
父	fu
爷	ye
爸	ba
爹	die
爺	ye
爻	yao
爽	shuang
爾	er
爿	pan
牀	chuang
牁	ke
牂	zang
牆	qiang
片	pian
版	ban
牋	jian
牌	pai
牍	du
牎	chuang
牐	zha
牒	die
牓	bang
牕	chuang
牖	you
牘	du
牙	ya
牚	cheng
牛	niu
牝	pin
牟	mou
牠	ta
牡	mu
牢	lao
牣	ren
牤	mang
牦	mao
牧	mu
物	wu
牮	jian
牯	gu
牲	sheng
牴	di
牵	qian
牸	zi
特	te
牺	xi
牻	mang
牽	qian
牾	wu
牿	gu
犀	xi
犁	li
犂	li
犄	ji
犇	ben
犊	du
犋	ju
犍	jian
犏	pian
犒	kao
犖	luo
犛	li
犟	jiang
犢	du
犧	xi
犨	chou
犬	quan
犯	fan
犰	qiu
犴	an
状	zhuang
犷	guang
犹	you
狀	zhuang
狁	yun
狂	kuang
狃	niu
狄	di
狈	bei
狉	pi
狍	pao
狎	xia
狐	hu
狒	fei
狓	pi
狖	you
狗	gou
狙	ju
狝	xian
狞	ning
狠	hen
狡	jiao
狥	xun
狩	shou
独	du
狭	xia
狮	shi
狯	kuai
狰	zheng
狱	yu
狲	sun
狳	yu
狴	bi
狷	juan
狸	li
狹	xia
狺	yin
狻	suan
狼	lang
狾	zhi
猁	li
猃	xian
猄	jing
猇	xiao
猊	ni
猋	biao
猎	lie
猕	mi
猖	chang
猗	yi
猘	zhi
猛	meng
猜	cai
猝	cu
猞	she
猡	luo
猢	hu
猥	wei
猨	yuan
猩	xing
猪	zhu
猫	mao
猬	wei
献	xian
猰	ya
猱	nao
猶	you
猷	you
猸	mei
猹	cha
猺	yao
猻	sun
猾	hua
猿	yuan
獃	dai
獄	yu
獅	shi
獉	zhen
獍	jing
獏	mo
獐	zhang
獒	ao
獕	cui
獗	jue
獘	bi
獠	liao
獧	juan
獨	du
獪	kuai
獫	xian
獬	xie
獭	ta
獮	xian
獯	xun
獰	ning
獲	huo
獴	meng
獵	lie
獷	guang
獸	shou
獻	xian
獼	mi
獾	huan
玀	luo
玁	xian
玄	xuan
玅	miao
率	lü
玉	yu
王	wang
玍	ga
玎	ding
玏	le
玑	ji
玓	di
玕	gan
玖	jiu
玙	yu
玚	chang
玛	ma
玞	fu
玠	jie
玡	ya
玢	bin
玥	yue
玦	jue
玩	wan
玫	mei
玭	pin
玮	wei
环	huan
现	xian
玱	qiang
玲	ling
玳	dai
玷	dian
玺	xi
玻	bo
珀	po
珂	ke
珅	shen
珈	jia
珉	min
珊	shan
珌	bi
珍	zhen
珎	zhen
珏	jue
珐	fa
珑	long
珓	jiao
珙	gong
珞	luo
珠	zhu
珣	xun
珥	er
珧	yao
珩	hang
珪	gui
班	ban
珮	pei
珰	dang
珲	hui
珷	wu
珺	jun
珽	ting
琀	han
球	qiu
琅	lang
理	li
琇	xiu
琉	liu
琊	ya
琎	jin
琏	lian
琐	suo
琖	zhan
琚	ju
琛	chen
琢	zhuo
琤	cheng
琥	hu
琦	qi
琨	kun
琪	qi
琫	beng
琬	wan
琭	lu
琮	cong
琯	guan
琰	yan
琱	diao
琳	lin
琴	qin
琵	pi
琶	pa
琹	qin
琺	fa
琼	qiong
瑀	yu
瑁	mao
瑄	xuan
瑇	dai
瑉	min
瑊	jian
瑋	wei
瑑	zhuan
瑒	chang
瑕	xia
瑗	yuan
瑙	nao
瑚	hu
瑛	ying
瑜	yu
瑞	rui
瑟	se
瑠	liu
瑢	rong
瑨	jin
瑩	ying
瑭	tang
瑯	lang
瑰	gui
瑱	zhen
瑲	qiang
瑶	yao
瑷	ai
瑽	cong
瑾	jin
璀	cui
璁	cong
璃	li
璅	suo
璆	qiu
璇	xuan
璈	ao
璊	men
璋	zhang
璎	ying
璐	lu
璕	xun
璘	lin
璜	huang
璞	pu
璟	jing
璠	fan
璡	jin
璣	ji
璦	ai
璧	bi
璨	can
璩	qu
璪	zao
璫	dang
環	huan
璵	yu
璺	wen
璽	xi
璿	xuan
瓅	li
瓈	li
瓊	qiong
瓌	gui
瓏	long
瓒	zan
瓖	xiang
瓘	guan
瓛	huan
瓜	gua
瓞	die
瓠	hu
瓢	piao
瓣	ban
瓤	rang
瓦	wa
瓩	qian
瓮	weng
瓯	ou
瓴	ling
瓶	ping
瓷	ci
瓻	chi
瓿	bu
甃	zhou
甄	zhen
甆	ci
甌	ou
甍	meng
甎	zhuan
甏	beng
甑	zeng
甓	pi
甔	dan
甕	weng
甖	ying
甗	yan
甘	gan
甙	dai
甚	shen
甜	tian
生	sheng
甡	shen
産	chan
甥	sheng
甦	su
用	yong
甩	shuai
甪	lu
甫	fu
甬	yong
甭	beng
甮	feng
甯	ning
田	tian
由	you
甲	jia
申	shen
电	dian
男	nan
甸	dian
町	ding
画	hua
甽	zhen
甾	zai
甿	meng
畀	bi
畅	chang
畇	yun
畈	fan
畊	geng
畋	tian
界	jie
畎	quan
畏	wei
畑	tian
畔	pan
畖	wa
留	liu
畚	ben
畛	zhen
畜	chu
畝	mu
畠	tian
畢	bi
畤	zhi
略	lüe
畦	qi
畧	lüe
番	fan
畫	hua
畬	she
畯	jun
異	yi
畱	liu
畲	she
畴	chou
當	dang
畸	ji
畹	wan
畿	ji
疃	tuan
疆	jiang
疇	chou
疊	die
疋	pi
疌	jie
疍	dan
疎	shu
疏	shu
疐	zhi
疑	yi
疔	ding
疖	jie
疗	liao
疙	ge
疚	jiu
疝	shan
疟	nüe
疠	li
疡	yang
疢	chen
疣	you
疤	ba
疥	jie
疧	qi
疫	yi
疬	li
疭	zong
疮	chuang
疯	feng
疰	zhu
疱	pao
疲	pi
疳	gan
疴	ke
疵	ci
疸	da
疹	zhen
疼	teng
疽	ju
疾	ji
疿	fei
痁	shan
痂	jia
痃	xuan
痄	zha
病	bing
症	zheng
痈	yong
痉	jing
痊	quan
痌	tong
痍	yi
痎	jie
痏	wei
痒	yang
痔	zhi
痕	hen
痖	ya
痗	mei
痘	dou
痙	jing
痛	tong
痞	pi
痠	suan
痡	fu
痢	li
痣	zhi
痤	cuo
痦	wu
痧	sha
痨	lao
痪	huan
痫	xian
痯	guan
痰	tan
痱	fei
痳	ma
痴	chi
痹	bi
痺	bi
痼	gu
痾	e
痿	wei
瘀	yu
瘁	cui
瘂	ya
瘃	zhu
瘅	dan
瘆	shen
瘈	chi
瘉	yu
瘊	hou
瘌	la
瘍	yang
瘏	tu
瘐	yu
瘕	jia
瘖	yin
瘗	yi
瘘	lou
瘙	sao
瘛	chi
瘜	xi
瘝	guan
瘞	yi
瘟	wen
瘠	ji
瘡	chuang
瘢	ban
瘤	liu
瘥	chai
瘦	shou
瘧	nüe
瘩	da
瘪	bie
瘫	tan
瘭	biao
瘮	shen
瘰	luo
瘲	zong
瘳	chou
瘴	zhang
瘵	zhai
瘸	que
瘺	lou
瘻	lou
瘼	mo
瘾	yin
瘿	ying
癀	huang
療	liao
癃	long
癆	lao
癇	xian
癉	dan
癌	ai
癍	ban
癒	yu
癔	yi
癖	pi
癘	li
癙	shu
癜	dian
癞	lai
癟	bie
癡	chi
癢	yang
癣	xuan
癤	jie
癥	zheng
癧	li
癫	dian
癮	yin
癯	qu
癰	yong
癱	tan
癸	gui
登	deng
發	fa
白	bai
百	bai
皁	zao
皂	zao
皃	mao
的	de
皆	jie
皇	huang
皈	gui
皋	gao
皎	jiao
皑	ai
皓	hao
皕	bi
皖	wan
皙	xi
皚	ai
皜	hao
皝	huang
皞	hao
皤	po
皭	jiao
皮	pi
皰	pao
皱	zhou
皲	jun
皴	cun
皺	zhou
皻	zha
皿	min
盂	yu
盃	bei
盅	zhong
盆	pen
盇	he
盈	ying
盉	he
益	yi
盋	bo
盌	wan
盍	he
盎	ang
盏	zhan
盐	yan
监	jian
盒	he
盔	kui
盖	gai
盗	dao
盘	pan
盛	cheng
盞	zhan
盟	meng
盡	jin
監	jian
盤	pan
盥	guan
盦	an
盧	lu
盩	zhou
盪	dang
盬	gu
盭	li
目	mu
盯	ding
盱	xu
盲	mang
直	zhi
相	xiang
盹	dun
盻	xi
盼	pan
盾	dun
省	sheng
眄	mian
眇	miao
眈	dan
眉	mei
眊	mao
看	kan
眍	kou
眘	shen
眙	yi
眚	sheng
真	zhen
眠	mian
眢	yuan
眥	zi
眦	zi
眨	zha
眩	xuan
眬	long
眭	sui
眯	mi
眵	chi
眶	kuang
眷	juan
眸	mou
眺	tiao
眼	yan
眽	mo
着	zhao
睁	zheng
睃	suo
睅	han
睆	huan
睇	di
睊	juan
睎	xi
睏	kun
睐	lai
睑	jian
睒	shan
睖	leng
睚	ya
睛	jing
睞	lai
睠	juan
睡	shui
睢	sui
督	du
睥	pi
睦	mu
睨	ni
睩	lu
睫	jie
睬	cai
睹	du
睽	kui
睾	gao
睿	rui
瞀	mao
瞄	miao
瞅	chou
瞇	mi
瞋	chen
瞌	ke
瞍	sou
瞎	xia
瞑	ming
瞒	man
瞖	yi
瞘	kou
瞜	lou
瞞	man
瞟	piao
瞠	cheng
瞢	meng
瞥	pie
瞧	qiao
瞩	zhu
瞪	deng
瞫	shen
瞬	shun
瞭	liao
瞰	kan
瞳	tong
瞵	lin
瞻	zhan
瞼	jian
瞽	gu
瞿	ju
矇	meng
矍	jue
矑	lu
矓	long
矗	chu
矙	kan
矚	zhu
矛	mao
矜	guan
矞	yu
矟	shuo
矢	shi
矣	yi
知	zhi
矧	shen
矩	ju
矫	jiao
矬	cuo
短	duan
矮	ai
矯	jiao
矰	zeng
矱	yue
石	dan
矴	ding
矶	ji
矸	gan
矻	ku
矼	gang
矽	xi
矾	fan
矿	kuang
砀	dang
码	ma
砂	sha
砄	jue
砆	fu
砉	hua
砌	qi
砍	kan
砑	ya
砒	pi
研	yan
砖	zhuan
砗	che
砘	dun
砚	yan
砜	feng
砝	fa
砟	zha
砢	ke
砣	tuo
砥	di
砦	zhai
砧	zhen
砩	fu
砫	zhu
砬	la
砭	bian
砮	nu
砰	peng
砲	pao
破	po
砵	bo
砷	shen
砸	za
砹	ai
砺	li
砻	long
砼	tong
砾	li
础	chu
硁	keng
硃	zhu
硅	gui
硇	nao
硋	ai
硌	ge
硎	xing
硏	yan
硐	dong
硒	xi
硕	shuo
硖	xia
硗	qiao
硙	wei
硚	qiao
硜	keng
硝	xiao
硠	lang
硤	xia
硪	wo
硫	liu
硬	ying
硭	mang
确	que
硶	chen
硷	jian
硼	peng
碁	qi
碇	ding
碉	diao
碌	liu
碍	ai
碎	sui
碏	que
碑	bei
碓	dui
碔	wu
碕	qi
碗	wan
碘	dian
碚	bei
碛	qi
碜	chen
碟	die
碡	zhou
碣	jie
碥	bian
碧	bi
碨	wei
碪	zhen
碫	duan
碭	dang
碰	peng
碱	jian
碲	di
碳	tan
碴	cha
碶	qi
碹	xuan
確	que
碻	que
碾	nian
磁	ci
磅	bang
磉	sang
磊	lei
磋	cuo
磎	xi
磏	lian
磐	pan
磑	wei
磔	zhe
磕	ke
磖	la
磙	gun
磚	zhuan
磜	qi
磟	liu
磡	kan
磣	chen
磨	mo
磬	qing
磯	ji
磲	qu
磴	deng
磷	lin
磹	tan
磺	huang
磻	pan
磽	qiao
磾	di
礁	jiao
礃	zhang
礄	qiao
礅	dun
礆	jian
礌	lei
礎	chu
礓	jiang
礙	ai
礞	meng
礤	ca
礦	kuang
礧	lei
礩	zhi
礪	li
礫	li
礬	fan
礮	pao
礱	long
礳	mo
礴	bo
礵	shuang
示	shi
礼	li
礽	reng
社	she
祀	si
祁	qi
祃	ma
祆	xian
祇	qi
祈	qi
祉	zhi
祊	beng
祎	yi
祏	shi
祐	you
祓	fu
祔	fu
祕	bi
祖	zu
祗	zhi
祘	suan
祚	zuo
祛	qu
祜	hu
祝	zhu
神	shen
祟	sui
祠	ci
祢	mi
祥	xiang
祧	tiao
票	piao
祫	xia
祭	ji
祯	zhen
祲	jin
祷	dao
祸	huo
祺	qi
祼	guan
祾	ling
禁	jin
禄	lu
禅	chan
禊	xi
禋	yin
禍	huo
福	fu
禕	yi
禖	mei
禘	di
禚	zhuo
禛	zhen
禤	xuan
禦	yu
禧	xi
禨	ji
禩	si
禪	chan
禫	dan
禮	li
禰	mi
禱	dao
禳	rang
禹	yu
禺	yu
离	li
禼	xie
禽	qin
禾	he
秀	xiu
私	si
秃	tu
秆	gan
秈	xian
秉	bing
秊	nian
秋	qiu
秌	qiu
种	chong
科	ke
秒	miao
秔	jing
秕	bi
秘	bi
租	zu
秣	mo
秤	cheng
秦	qin
秧	yang
秩	zhi
秫	shu
秭	zi
积	ji
称	chen
秸	jie
移	yi
秽	hui
秾	nong
稀	xi
稂	lang
稃	fu
稆	lü
稈	gan
稉	jing
程	cheng
稍	shao
税	shui
稔	ren
稖	bang
稗	bai
稙	zhi
稚	zhi
稜	leng
稞	ke
稟	bing
稠	chou
稣	su
稨	bian
稬	nuo
稭	jie
種	zhong
稱	chen
稳	wen
稷	ji
稹	zhen
稻	dao
稼	jia
稽	ji
稾	gao
稿	gao
穀	gu
穄	ji
穅	kang
穆	mu
穇	can
穈	mei
穉	zhi
穊	ji
積	ji
穑	se
穗	sui
穜	zhong
穟	sui
穠	nong
穡	se
穢	hui
穤	nuo
穩	wen
穫	huo
穭	lü
穮	biao
穰	rang
穴	xue
穵	wa
究	jiu
穷	qiong
穸	xi
穹	qiong
空	kong
穽	jing
穿	chuan
窀	zhun
突	tu
窃	qie
窄	zhai
窅	yao
窆	bian
窈	yao
窊	wa
窍	qiao
窎	diao
窑	yao
窒	zhi
窓	chuang
窕	tiao
窖	jiao
窗	chuang
窘	jiong
窜	cuan
窝	wo
窟	ku
窠	ke
窣	su
窥	kui
窦	dou
窨	xun
窩	wo
窪	wa
窬	yu
窭	ju
窮	qiong
窯	yao
窰	yao
窳	yu
窶	ju
窸	xi
窻	chuang
窾	kuan
窿	long
竄	cuan
竅	qiao
竇	dou
竈	zao
竊	qie
立	li
竑	hong
竖	shu
站	zhan
竚	zhu
竝	bing
竞	jing
竟	jing
章	zhang
竢	si
竣	jun
童	tong
竦	song
竪	shu
竭	jie
端	duan
競	jing
竹	zhu
竺	zhu
竽	yu
竾	chi
竿	gan
笃	du
笄	ji
笆	ba
笈	ji
笊	zhao
笋	sun
笏	hu
笑	xiao
笓	bi
笔	bi
笕	jian
笙	sheng
笛	di
笞	chi
笠	li
笢	min
笤	tiao
笥	si
符	fu
笨	ben
笪	da
笫	zi
第	di
笭	ling
笮	ze
笱	gou
笳	jia
笴	gan
笸	po
笺	jian
笼	long
笾	bian
筅	xian
筆	bi
筇	qiong
筈	kuo
等	deng
筊	xiao
筋	jin
筌	quan
筍	sun
筏	fa
筐	kuang
筑	zhu
筒	tong
答	da
策	ce
筘	kou
筚	bi
筛	shai
筜	dang
筝	zheng
筞	ce
筠	jun
筢	pa
筥	ju
筦	guan
筩	tong
筭	suan
筮	shi
筯	zhu
筰	zuo
筱	xiao
筲	shao
筴	ce
筵	yan
筷	kuai
筹	chou
筻	gang
筼	yun
签	qian
简	jian
箅	bi
箇	ge
箋	jian
箍	gu
箎	chi
箐	qing
箑	sha
箒	zhou
箓	lu
箔	bo
箕	ji
算	suan
箙	fu
箜	kong
箝	qian
箠	chui
管	guan
箢	yuan
箦	ze
箧	qie
箨	tuo
箩	luo
箪	dan
箫	xiao
箬	ruo
箭	jian
箱	xiang
箲	xian
箴	zhen
箵	xing
箷	yi
箸	zhu
節	jie
範	fan
篅	chuan
篆	zhuan
篇	pian
築	zhu
篊	huang
篋	qie
篌	hou
篑	kui
篓	lou
篘	chou
篙	gao
篚	fei
篛	ruo
篝	gou
篠	xiao
篡	cuan
篥	li
篦	bi
篨	chu
篩	shai
篪	chi
篮	lan
篰	bu
篱	li
篲	hui
篳	bi
篷	peng
篸	can
篹	zhuan
篼	dou
篾	mie
簃	yi
簆	kou
簇	cu
簉	zao
簋	gui
簌	su
簍	lou
簏	lu
簑	suo
簕	le
簖	duan
簙	bo
簞	dan
簟	dian
簠	fu
簦	deng
簧	huang
簨	sun
簪	zan
簫	xiao
簰	pai
簴	ju
簷	yan
簸	bo
簹	dang
簻	zhua
簽	qian
簾	lian
簿	bu
籀	zhou
籁	lai
籃	lan
籆	yue
籋	nie
籌	chou
籍	ji
籐	teng
籑	zhuan
籙	lu
籜	tuo
籝	ying
籠	long
籤	qian
籥	yue
籧	qu
籨	lian
籩	bian
籪	duan
籬	li
籮	luo
籯	ying
籰	yue
籲	yu
米	mi
籴	di
籸	shen
籹	nü
类	lei
籼	xian
籽	zi
粃	bi
粉	fen
粑	ba
粒	li
粔	ju
粕	po
粗	cu
粘	nian
粜	tiao
粝	li
粞	xi
粟	su
粢	zi
粤	yue
粥	yu
粧	zhuang
粪	fen
粬	qu
粮	liang
粱	liang
粲	can
粳	jing
粹	cui
粼	lin
粽	zong
精	jing
糁	san
糅	rou
糇	hou
糈	xu
糉	zong
糊	hu
糌	zan
糍	ci
糒	bei
糕	gao
糖	tang
糗	qiu
糙	cao
糜	mei
糝	san
糞	fen
糟	zao
糠	kang
糡	jiang
糧	liang
糨	jiang
糯	nuo
糰	tuan
糱	nie
糲	li
糴	di
糵	nie
糶	tiao
系	ji
紊	wen
素	su
索	suo
紥	za
紧	jin
紫	zi
紮	za
累	lei
紵	zhu
絃	xian
絍	ren
絏	xie
絚	geng
絛	tao
絜	jie
絮	xu
絲	si
絷	zhi
綑	kun
經	jing
綦	qi
綫	xian
綮	qi
綱	gang
網	wang
綵	cai
綸	guan
緉	liang
緊	jin
緍	min
緐	fan
緜	mian
緤	xie
緥	bao
緪	geng
緯	wei
練	lian
緺	gua
緻	zhi
縂	zong
縈	ying
縏	pan
縐	zhou
縚	tao
縠	hu
縢	teng
縣	xian
縧	tao
縱	zong
縴	qian
縶	zhi
縷	lü
縻	mi
總	zong
繁	fan
繃	beng
繄	yi
繇	yao
繋	ji
繐	sui
織	zhi
繖	san
繞	rao
繠	rui
繡	xiu
繦	qiang
繨	da
繩	sheng
繪	hui
繫	xi
繭	jian
繹	yi
繼	ji
繽	bin
纂	zuan
纊	kuang
續	xu
纍	lei
纏	chan
纑	lu
纔	cai
纖	xian
纚	li
纛	dao
纜	lan
纠	jiu
纡	yu
红	gong
纣	zhou
纤	qian
纥	ge
约	yao
级	ji
纨	wan
纩	kuang
纪	ji
纫	ren
纬	wei
纭	yun
纮	hong
纯	chun
纰	pi
纱	sha
纲	gang
纳	na
纴	ren
纵	zong
纶	guan
纷	fen
纸	zhi
纹	wen
纺	fang
纻	zhu
纼	zhen
纽	niu
纾	shu
线	xian
绀	gan
绁	xie
绂	fu
练	lian
组	zu
绅	shen
细	xi
织	zhi
终	zhong
绉	zhou
绊	ban
绋	fu
绌	chu
绍	shao
绎	yi
经	jing
绐	dai
绑	bang
绒	rong
结	jie
绔	ku
绕	rao
绖	die
绗	hang
绘	hui
给	gei
绚	xuan
绛	jiang
络	lao
绝	jue
绞	jiao
统	tong
绠	geng
绡	xiao
绢	juan
绣	xiu
绤	xi
绥	sui
绦	tao
继	ji
绨	ti
绩	ji
绪	xu
绫	ling
续	xu
绮	qi
绯	fei
绰	chao
绱	shang
绲	gun
绳	sheng
维	wei
绵	mian
绶	shou
绷	beng
绸	chou
绹	tao
绺	liu
绻	quan
综	zeng
绽	zhan
绾	wan
绿	lu
缀	zhui
缁	zi
缂	ke
缃	xiang
缄	jian
缅	mian
缆	lan
缇	ti
缈	miao
缉	ji
缊	yun
缋	hui
缌	si
缎	duan
缏	bian
缐	xian
缑	gou
缒	zhui
缓	huan
缔	di
缕	lü
编	bian
缗	min
缘	yuan
缙	jin
缚	fu
缛	ru
缜	zhen
缝	feng
缞	cui
缟	gao
缠	chan
缡	li
缢	yi
缣	jian
缤	bin
缥	piao
缦	man
缧	lei
缨	ying
缩	su
缪	miao
缫	sao
缬	xie
缭	liao
缮	shan
缯	zeng
缰	jiang
缱	qian
缲	qiao
缳	huan
缴	jiao
缵	zuan
缶	fou
缸	gang
缺	que
缽	bo
缾	ping
缿	xiang
罂	ying
罃	ying
罄	qing
罅	xia
罆	guan
罇	zun
罈	tan
罋	weng
罍	lei
罎	tan
罏	lu
罐	guan
网	wang
罔	wang
罕	han
罗	luo
罘	fu
罚	fa
罛	gu
罝	ju
罟	gu
罡	gang
罢	ba
罣	gua
罥	juan
罦	fu
罨	yan
罩	zhao
罪	zui
罭	yu
置	zhi
罱	lan
署	shu
罳	si
罴	pi
罵	ma
罶	liu
罷	ba
罸	fa
罹	li
罻	wei
罽	ji
罾	zeng
罿	chong
羁	ji
羅	luo
羆	pi
羊	yang
羌	qiang
美	mei
羑	you
羔	gao
羖	gu
羚	ling
羝	di
羞	xiu
羟	qiang
羡	xian
羢	rong
羣	qun
群	qun
羥	qiang
羧	suo
羨	xian
義	yi
羯	jie
羰	tang
羱	yuan
羲	xi
羶	shan
羸	lei
羹	geng
羼	chan
羽	yu
羿	yi
翀	chong
翁	weng
翃	hong
翄	chi
翅	chi
翊	yi
翌	yi
翎	ling
習	xi
翔	xiang
翕	xi
翘	qiao
翙	hui
翚	hui
翛	xiao
翟	di
翠	cui
翡	fei
翥	zhu
翦	jian
翩	pian
翫	wan
翮	he
翯	he
翰	han
翱	ao
翳	yi
翹	qiao
翺	ao
翻	fan
翼	yi
翽	hui
翾	xuan
耀	yao
老	lao
考	kao
耄	mao
者	zhe
耆	qi
耇	gou
耈	gou
耋	die
而	er
耍	shua
耎	ruan
耐	nai
耑	duan
耒	lei
耔	zi
耕	geng
耖	chao
耗	hao
耘	yun
耙	ba
耜	si
耠	huo
耡	chu
耢	lao
耥	tang
耦	ou
耧	lou
耨	nou
耩	jiang
耪	pang
耬	lou
耮	lao
耰	you
耱	mo
耲	huai
耳	er
耵	ding
耶	ye
耷	da
耸	song
耻	chi
耼	dan
耽	dan
耿	geng
聂	nie
聃	dan
聆	ling
聊	liao
聋	long
职	zhi
聍	ning
聒	guo
联	lian
聖	sheng
聘	pin
聚	ju
聝	guo
聩	kui
聪	cong
聯	lian
聰	cong
聱	ao
聲	sheng
聳	song
聶	nie
職	zhi
聹	ning
聼	ting
聽	ting
聾	long
聿	yu
肃	su
肄	yi
肅	su
肆	si
肇	zhao
肈	zhao
肉	rou
肊	yi
肋	le
肌	ji
肎	ken
肐	ge
肓	huang
肖	xiao
肘	zhou
肚	du
肛	gang
肜	rong
肝	gan
肟	wo
肠	chang
股	gu
肢	zhi
肤	fu
肥	fei
肧	pei
肨	pang
肩	jian
肪	fang
肫	zhun
肬	you
肭	na
肮	ang
肯	ken
肱	gong
育	yo
肴	yao
肷	qian
肸	xi
肺	fei
肼	jing
肽	tai
肾	shen
肿	zhong
胀	zhang
胁	xie
胂	shen
胃	wei
胄	zhou
胆	dan
胈	ba
胊	qu
背	bei
胍	gua
胎	tai
胔	zi
胖	pan
胗	zhen
胙	zuo
胚	pei
胛	jia
胜	sheng
胝	zhi
胞	bao
胠	qu
胡	hu
胤	yin
胥	xu
胧	long
胨	dong
胩	ka
胪	lu
胫	jing
胬	nu
胭	yan
胮	pang
胯	kua
胰	yi
胱	guang
胲	hai
胳	ga
胴	dong
胵	chi
胶	jiao
胷	xiong
胸	xiong
胹	er
胺	an
胼	pian
能	neng
胾	zi
脁	tiao
脂	zhi
脃	cui
脄	mei
脅	xie
脆	cui
脇	xie
脈	mai
脉	mai
脊	ji
脍	kuai
脎	sa
脏	zang
脐	qi
脑	nao
脒	mi
脓	nong
脔	luan
脖	bo
脗	wen
脘	wan
脚	jiao
脛	jing
脝	heng
脞	cuo
脡	ting
脢	mei
脣	chun
脦	de
脧	juan
脩	xiu
脬	pao
脯	fu
脰	dou
脱	tuo
脲	niao
脶	luo
脸	lian
脹	zhang
脺	cui
脾	pi
腆	tian
腈	jing
腊	la
腋	ye
腌	a
腎	shen
腐	fu
腑	fu
腒	ju
腓	fei
腔	qiang
腕	wan
腖	dong
腘	guo
腙	zong
腚	ding
腠	cou
腡	luo
腤	an
腥	xing
腦	nao
腧	shu
腩	nan
腫	zhong
腭	e
腮	sai
腯	tu
腰	yao
腱	jian
腳	jiao
腴	yu
腷	bi
腸	chang
腹	fu
腺	xian
腻	ni
腼	mian
腽	wa
腾	teng
腿	tui
膀	bang
膁	qian
膂	lü
膆	su
膇	zhui
膈	ge
膊	bo
膋	liao
膍	pi
膏	gao
膑	bin
膕	guo
膗	chuai
膘	biao
膙	jiang
膚	fu
膛	tang
膜	mo
膝	xi
膞	zhuan
膠	jiao
膣	zhi
膦	lin
膧	tong
膨	peng
膪	chuai
膰	fan
膳	shan
膵	cui
膺	ying
膻	shan
膽	dan
膾	kuai
膿	nong
臀	tun
臁	lian
臂	bei
臃	yong
臆	yi
臈	la
臉	lian
臊	sao
臌	gu
臍	qi
臏	bin
臑	nao
臕	biao
臘	la
臙	yan
臚	lu
臛	huo
臜	za
臝	luo
臞	qu
臟	zang
臠	luan
臣	chen
臥	wo
臧	zang
臨	lin
自	zi
臬	nie
臭	chou
臯	gao
臲	nie
至	zhi
致	zhi
臺	tai
臻	zhen
臼	jiu
臾	yu
臿	cha
舀	yao
舁	yu
舂	chong
舄	xi
舅	jiu
舆	yu
與	yu
興	xing
舉	ju
舊	jiu
舋	xin
舌	she
舍	she
舐	shi
舒	shu
舔	tian
舖	pu
舘	guan
舛	chuan
舜	shun
舝	xia
舞	wu
舟	zhou
舡	chuan
舢	shan
舣	yi
舨	ban
舩	chuan
航	hang
舫	fang
般	ban
舭	bi
舰	jian
舱	cang
舲	ling
舳	zhu
舴	ze
舵	duo
舶	bo
舷	xian
舸	ge
船	chuan
舻	lu
舾	xi
艄	shao
艅	yu
艇	ting
艉	wei
艋	meng
艎	huang
艏	shou
艑	bian
艕	bang
艖	cha
艘	sou
艙	cang
艚	cao
艟	chong
艢	qiang
艣	lu
艤	yi
艦	jian
艨	meng
艪	lu
艫	lu
艮	gen
良	liang
艰	jian
艱	jian
色	se
艳	yan
艴	fu
艷	yan
艸	cao
艺	yi
艻	le
艽	jiao
艾	ai
艿	nai
节	jie
芃	peng
芈	mi
芊	qian
芋	yu
芍	shao
芎	xiong
芏	du
芑	qi
芒	mang
芗	xiang
芙	fu
芜	wu
芝	zhi
芟	shan
芡	qian
芣	fu
芤	kou
芥	gai
芦	lu
芧	xu
芨	ji
芩	qin
芪	qi
芫	yan
芬	fen
芭	ba
芮	rui
芯	xin
芰	ji
花	hua
芳	fang
芴	wu
芶	gou
芷	zhi
芸	yun
芹	qin
芻	chu
芼	mao
芽	ya
芾	fei
苁	cong
苄	bian
苅	yi
苇	wei
苈	li
苊	e
苋	xian
苌	chang
苍	cang
苎	zhu
苏	su
苑	yuan
苒	ran
苓	ling
苔	tai
苕	shao
苗	miao
苘	qing
苛	ke
苜	mu
苞	bao
苟	gou
苠	min
苡	yi
苢	yi
苣	ju
苤	pie
若	re
苦	ku
苧	ning
苫	shan
苯	ben
英	ying
苲	zha
苴	ju
苶	nie
苷	gan
苹	ping
苺	mei
苻	fu
苽	gu
苾	bi
茀	fu
茁	zhuo
茂	mao
范	fan
茄	jia
茅	mao
茆	mao
茇	ba
茈	ci
茉	mo
茌	chi
茎	jing
茏	long
茑	niao
茓	xue
茔	ying
茕	qiong
茖	ge
茗	ming
茚	yin
茛	gen
茜	qian
茝	chai
茧	jian
茨	ci
茫	mang
茬	cha
茭	jiao
茯	fu
茱	zhu
茲	zi
茳	jiang
茴	hui
茵	yin
茶	cha
茸	rong
茹	ru
茺	chong
茼	tong
荀	xun
荃	quan
荄	gai
荅	da
荆	jing
荇	xing
草	cao
荍	qiao
荏	ren
荐	jian
荑	ti
荒	huang
荔	li
荙	da
荚	jia
荛	rao
荜	bi
荞	qiao
荟	hui
荠	ji
荡	dang
荣	rong
荤	hun
荥	xing
荦	luo
荧	ying
荨	qian
荩	jin
荪	sun
荫	yin
荬	mai
荭	hong
荮	zhou
药	yao
荳	dou
荷	he
荸	bi
荻	di
荼	tu
荽	sui
莅	li
莆	pu
莉	li
莊	zhuang
莎	sha
莒	ju
莓	mei
莕	xing
莖	jing
莘	shen
莙	jun
莛	ting
莜	you
莝	cuo
莞	guan
莠	you
莢	jia
莨	lang
莩	fu
莪	e
莫	mo
莰	kan
莱	lai
莲	lian
莳	shi
莴	wo
莶	xian
获	huo
莸	you
莹	ying
莺	ying
莼	chun
莽	mang
菀	wan
菁	jing
菂	di
菅	jian
菇	gu
菉	lu
菊	ju
菌	jun
菏	he
菑	zai
菓	guo
菔	fu
菖	chang
菘	song
菜	cai
菝	ba
菟	tu
菠	bo
菡	han
菢	bao
菩	pu
菪	dang
華	hua
菰	gu
菱	ling
菲	fei
菴	an
菶	beng
菸	yan
菹	zu
菻	lin
菼	tan
菽	shu
菾	tian
萁	qi
萃	cui
萄	tao
萆	bi
萇	chang
萊	lai
萋	qi
萌	meng
萍	ping
萎	wei
萏	dan
萑	huan
萘	nai
萚	tuo
萜	tie
萝	luo
萤	ying
营	ying
萦	ying
萧	xiao
萨	sa
萩	qiu
萬	wan
萱	xuan
萵	wo
萸	yu
萹	bian
萼	e
落	la
葅	zu
葆	bao
葉	ye
葎	lü
葑	feng
葓	hong
葖	tu
著	zhe
葙	xiang
葚	ren
葛	ge
葜	qia
葠	shen
葡	pu
董	dong
葦	wei
葩	pa
葫	hu
葬	zang
葭	jia
葱	cong
葳	wei
葵	kui
葶	ting
葸	xi
葹	shi
葺	qi
蒂	di
蒇	chan
蒈	kai
蒉	kui
蒋	jiang
蒌	lou
蒍	wei
蒎	pai
蒐	sou
蒔	shi
蒗	lang
蒙	meng
蒜	suan
蒞	li
蒟	ju
蒡	bang
蒨	qian
蒯	kuai
蒱	pu
蒲	pu
蒴	shuo
蒸	zheng
蒹	jian
蒺	ji
蒻	ruo
蒼	cang
蒽	en
蒿	hao
蓀	sun
蓁	zhen
蓂	ming
蓄	xu
蓆	xi
蓇	gu
蓉	rong
蓊	weng
蓋	gai
蓍	shi
蓏	luo
蓐	ru
蓑	suo
蓓	bei
蓖	bi
蓚	tiao
蓝	la
蓟	ji
蓠	li
蓡	shen
蓣	yu
蓥	ying
蓦	mo
蓧	diao
蓨	tiao
蓬	peng
蓯	cong
蓰	xi
蓱	ping
蓴	chun
蓺	yi
蓼	liao
蓽	bi
蓿	xu
蔂	lei
蔌	su
蔑	mie
蔓	man
蔔	bo
蔕	di
蔗	zhe
蔚	wei
蔞	lou
蔟	cu
蔡	cai
蔣	jiang
蔥	cong
蔧	hui
蔫	nian
蔬	shu
蔭	yin
蔴	ma
蔷	qiang
蔸	dou
蔹	lian
蔺	lin
蔻	kou
蔼	ai
蔽	bi
蔾	li
蔿	wei
蕁	qian
蕃	fan
蕅	ou
蕈	xun
蕉	jiao
蕊	rui
蕋	rui
蕎	qiao
蕒	mai
蕓	yun
蕕	you
蕖	qu
蕘	rao
蕙	hui
蕞	zui
蕤	rui
蕨	jue
蕩	dang
蕪	wu
蕭	xiao
蕰	wen
蕲	qi
蕴	yun
蕹	weng
蕺	ji
蕻	hong
蕾	lei
薁	yu
薄	bao
薅	hao
薆	ai
薇	wei
薈	hui
薌	xiang
薏	yi
薐	leng
薑	jiang
薔	qiang
薘	da
薙	ti
薛	xue
薜	bi
薟	xian
薢	xie
薤	xie
薦	jian
薨	hong
薩	sa
薪	xin
薮	sou
薯	shu
薰	xun
薴	ning
薷	ru
薸	piao
薹	tai
薺	ji
薿	ni
藁	gao
藂	cong
藉	ji
藊	bian
藍	la
藎	jin
藏	cang
藐	miao
藑	qiong
藓	xian
藕	ou
藜	li
藝	yi
藠	jiao
藤	teng
藥	yao
藨	biao
藩	fan
藪	sou
藭	qiong
藶	li
藷	shu
藻	zao
藿	huo
蘀	tuo
蘂	rui
蘄	qi
蘅	heng
蘆	lu
蘇	su
蘋	ping
蘐	xuan
蘑	mo
蘖	bo
蘘	rang
蘞	lian
蘢	long
蘧	qu
蘩	fan
蘭	lan
蘸	zhan
蘺	li
蘼	mi
蘿	luo
虆	lei
虎	hu
虏	lu
虐	nüe
虑	lü
虒	si
虓	xiao
虔	qian
處	chu
虚	xu
虜	lu
虞	yu
號	hao
虡	ju
虢	guo
虣	bao
虧	kui
虩	xi
虫	chong
虬	qiu
虮	ji
虯	qiu
虱	shi
虵	she
虹	hong
虺	hui
虻	meng
虼	ge
虽	sui
虾	ha
虿	chai
蚀	shi
蚁	yi
蚂	ma
蚊	wen
蚋	rui
蚌	bang
蚍	pi
蚓	yin
蚕	can
蚘	hui
蚛	zhong
蚜	ya
蚝	hao
蚡	fen
蚣	gong
蚤	zao
蚦	ran
蚧	jie
蚨	fu
蚩	chi
蚪	dou
蚬	xian
蚯	qiu
蚰	you
蚱	zha
蚴	you
蚶	han
蚺	ran
蛀	zhu
蛄	gu
蛆	qu
蛇	she
蛉	ling
蛊	gu
蛋	dan
蛎	li
蛏	cheng
蛐	qu
蛑	mou
蛔	hui
蛕	hui
蛘	yang
蛙	wa
蛛	zhu
蛞	kuo
蛟	jiao
蛣	qi
蛤	ge
蛩	qiong
蛭	zhi
蛮	man
蛰	zhe
蛱	jia
蛲	nao
蛳	si
蛴	qi
蛸	shao
蛹	yong
蛺	jia
蛾	e
蜀	shu
蜂	feng
蜃	shen
蜇	zhe
蜈	wu
蜉	fu
蜊	li
蜋	lang
蜍	chu
蜎	yuan
蜐	jie
蜒	yan
蜓	ting
蜕	tui
蜗	wo
蜘	zhi
蜚	fei
蜜	mi
蜞	qi
蜡	la
蜢	meng
蜣	qiang
蜥	xi
蜨	die
蜩	tiao
蜮	yu
蜯	bang
蜱	pi
蜴	yi
蜷	quan
蜹	rui
蜺	ni
蜻	qing
蜽	liang
蜾	guo
蜿	wan
蝀	dong
蝂	ban
蝃	di
蝄	wang
蝇	ying
蝈	guo
蝉	chan
蝌	ke
蝎	xie
蝓	yu
蝗	huang
蝘	yan
蝙	bian
蝟	wei
蝠	fu
蝡	ru
蝣	you
蝤	qiu
蝥	mao
蝦	ha
蝨	shi
蝮	fu
蝰	kui
蝱	meng
蝲	la
蝴	hu
蝶	die
蝸	wo
蝻	nan
蝼	lou
蝽	chun
蝾	rong
螀	jiang
螂	lang
螃	pang
螄	si
螅	xi
螈	yuan
螋	sou
融	rong
螓	qin
螗	tang
螘	yi
螙	du
螟	ming
螠	yi
螢	ying
螣	te
螨	man
螫	shi
螬	cao
螭	chi
螮	di
螯	ao
螳	tang
螵	piao
螺	luo
螻	lou
螽	zhong
螾	yin
螿	jiang
蟀	shuai
蟁	wen
蟄	zhe
蟆	ma
蟇	ma
蟈	guo
蟊	mao
蟋	xi
蟎	man
蟏	xiao
蟑	zhang
蟛	peng
蟠	pan
蟢	xi
蟣	ji
蟥	huang
蟪	hui
蟫	yin
蟬	chan
蟮	shan
蟯	nao
蟲	chong
蟶	cheng
蟹	xie
蟻	yi
蟾	chan
蟿	qi
蠃	luo
蠅	ying
蠆	chai
蠊	lian
蠋	zhu
蠍	xie
蠎	mang
蠏	xie
蠐	qi
蠑	rong
蠓	meng
蠔	hao
蠕	ru
蠖	huo
蠙	pin
蠚	he
蠛	mie
蠟	la
蠡	li
蠢	chun
蠣	li
蠧	du
蠨	xiao
蠭	feng
蠱	gu
蠲	juan
蠵	xi
蠶	can
蠹	du
蠻	man
蠼	qu
血	xie
衃	pei
衄	nü
衅	xin
衆	zhong
衇	mai
衊	mie
行	hang
衍	yan
衎	kan
衏	yuan
衒	xuan
術	shu
衔	xian
衕	tong
衖	xiang
街	jie
衙	ya
衚	hu
衛	wei
衝	chong
衞	wei
衠	zhun
衡	heng
衢	qu
衣	yi
补	bu
表	biao
衩	cha
衫	shan
衬	chen
衮	gun
衰	cui
衲	na
衷	zhong
衹	zhi
衽	ren
衾	qin
衿	jin
袁	yuan
袂	mei
袄	ao
袅	niao
袆	hui
袈	jia
袋	dai
袍	pao
袎	yao
袒	tan
袖	xiu
袗	zhen
袜	wa
袞	gun
袠	zhi
袢	pan
袤	mao
袪	qu
被	bei
袭	xi
袯	bo
袱	fu
袴	ku
袵	ren
袷	jia
袺	jie
袼	ge
裀	yin
裁	cai
裂	lie
装	zhuang
裆	dang
裈	kun
裉	ken
裋	shu
裌	jia
裎	cheng
裏	li
裒	pou
裔	yi
裕	yu
裘	qiu
裙	qun
補	bu
裝	zhuang
裟	sha
裡	li
裢	lian
裣	lian
裤	ku
裥	jian
裨	bi
裩	kun
裯	chou
裰	duo
裱	biao
裲	liang
裳	chang
裴	pei
裸	luo
裹	guo
裼	ti
製	zhi
裾	ju
褂	gua
褃	ken
複	fu
褊	bian
褎	xiu
褏	xiu
褐	he
褒	bao
褓	bao
褕	yu
褘	hui
褙	bei
褚	chu
褛	lü
褝	dan
褟	ta
褡	da
褥	ru
褦	nai
褧	jiong
褪	tui
褫	chi
褭	niao
褯	jie
褰	qian
褴	lan
褵	li
褶	zhe
褸	lü
褻	xie
襁	qiang
襃	bao
襄	xiang
襆	fu
襌	dan
襍	za
襏	bo
襕	lan
襖	ao
襜	chan
襝	lian
襞	bi
襟	jin
襠	dang
襤	lan
襦	ru
襪	wa
襫	shi
襬	bai
襮	bo
襯	chen
襲	xi
襵	zhe
襶	dai
襻	pan
西	xi
要	yao
覂	feng
覃	qin
覅	fiao
覆	fu
覇	ba
覈	he
覊	ji
見	jian
覔	mi
覩	du
親	qin
覬	ji
覰	qu
覵	jian
覺	jiao
覻	qu
覼	luo
覽	lan
覿	di
觀	guan
见	jian
观	guan
觃	yan
规	gui
觅	mi
视	shi
觇	chan
览	lan
觉	jiao
觊	ji
觋	xi
觌	di
觍	tian
觎	yu
觏	gou
觐	jin
觑	qu
角	jiao
觔	jin
觕	cu
觖	jue
觚	gu
觜	zi
觝	di
觞	shang
解	jie
觥	gong
触	chu
觧	jie
觫	su
觭	ji
觯	zhi
觱	bi
觳	hu
觴	shang
觶	zhi
觸	chu
觺	yi
觿	xi
言	yan
訄	qiu
訇	hong
訑	yi
託	tuo
訚	yin
訢	xin
訦	chen
訶	he
註	zhu
訾	zi
詈	li
詑	yi
詝	zhu
詟	zhe
詠	yong
詧	cha
詹	zhan
詾	xiong
誇	kua
誉	yu
誊	teng
誌	zhi
認	ren
誒	ei
誓	shi
誖	bei
諐	qian
諓	jian
論	lun
諡	shi
諮	zi
諱	hui
謄	teng
謅	zhou
謇	jian
講	jiang
謦	qing
謳	ou
謷	ao
謿	chao
譁	hua
證	zheng
譊	nao
譌	e
譍	ying
譏	ji
識	shi
譟	zao
警	jing
譬	pi
譭	hui
譯	yi
議	yi
護	hu
譸	zhou
譽	yu
譾	jian
讀	dou
讁	zhe
讅	shen
變	bian
讋	zhe
讌	yan
讎	chou
讏	wei
讐	chou
讒	chan
讓	rang
讔	yin
讚	zan
讛	yi
讜	dang
讞	yan
讟	du
计	ji
订	ding
讣	fu
认	ren
讥	ji
讦	jie
讧	hong
讨	tao
让	rang
讪	shan
讫	qi
训	xun
议	yi
讯	xun
记	ji
讱	ren
讲	jiang
讳	hui
讴	ou
讵	ju
讶	ya
讷	ne
许	xu
讹	e
论	lun
讻	xiong
讼	song
讽	feng
设	she
访	fang
诀	jue
证	zheng
诂	gu
诃	he
评	ping
诅	zu
识	shi
诇	xiong
诈	zha
诉	su
诊	zhen
诋	di
诌	zhou
词	ci
诎	qu
诏	zhao
诐	bi
译	yi
诒	yi
诓	kuang
诔	lei
试	shi
诖	gua
诗	shi
诘	ji
诙	hui
诚	cheng
诛	zhu
诜	shen
话	hua
诞	dan
诟	gou
诠	quan
诡	gui
询	xun
诣	yi
诤	zheng
该	gai
详	xiang
诧	cha
诨	hun
诩	xu
诪	zhou
诫	jie
诬	wu
语	yu
诮	qiao
误	wu
诰	gao
诱	you
诲	hui
诳	kuang
说	shui
诵	song
请	qing
诸	zhu
诹	zou
诺	nuo
读	dou
诼	zhuo
诽	fei
课	ke
诿	wei
谀	yu
谁	shei
谂	shen
调	diao
谄	chan
谅	liang
谆	zhun
谇	sui
谈	tan
谊	yi
谋	mou
谌	chen
谍	die
谎	huang
谏	jian
谐	xie
谑	xue
谒	ye
谓	wei
谔	e
谕	yu
谖	xuan
谗	chan
谙	an
谚	yan
谛	di
谜	mei
谝	pian
谞	xu
谟	mo
谠	dang
谡	su
谢	xie
谣	yao
谤	bang
谥	shi
谦	qian
谧	mi
谨	jin
谩	man
谪	zhe
谫	jian
谬	miu
谭	tan
谮	zen
谯	qiao
谰	lan
谱	pu
谲	jue
谳	yan
谴	qian
谵	zhan
谶	chen
谷	gu
谿	xi
豀	xi
豁	hua
豆	dou
豇	jiang
豈	qi
豉	chi
豌	wan
豎	shu
豐	feng
豔	yan
豕	shi
豗	hui
豘	tun
豚	tun
豝	ba
象	xiang
豢	huan
豨	xi
豪	hao
豫	yu
豬	zhu
豮	fen
豳	bin
豸	zhi
豹	bao
豺	chai
貂	diao
貅	xiu
貆	huan
貉	hao
貊	mo
貌	mao
貐	yu
貓	mao
貔	pi
貘	mo
貛	huan
貝	bei
貯	zhu
買	mai
賉	xu
賓	bin
賔	bin
賙	zhou
賚	lai
賛	zan
賢	xian
賣	mai
賤	jian
質	zhi
賬	zhang
賮	jin
賸	sheng
購	gou
贄	zhi
贐	jin
贓	zang
贖	shu
贗	yan
贜	zang
贝	bei
贞	zhen
负	fu
贡	gong
财	cai
责	ze
贤	xian
败	bai
货	huo
质	zhi
贩	fan
贪	tan
贫	pin
贬	bian
购	gou
贮	zhu
贯	guan
贰	er
贱	jian
贲	ben
贳	shi
贴	tie
贵	gui
贶	kuang
贷	dai
贸	mao
费	fei
贺	he
贻	yi
贼	zei
贽	zhi
贾	gu
贿	hui
赀	zi
赁	lin
赂	lu
赃	zang
资	zi
赅	gai
赆	jin
赇	qiu
赈	zhen
赉	lai
赊	she
赋	fu
赌	du
赍	ji
赎	shu
赏	shang
赐	ci
赑	bi
赓	geng
赔	pei
赕	dan
赖	lai
赗	feng
赘	zhui
赙	fu
赚	zhuan
赛	sai
赜	ze
赝	yan
赞	zan
赟	yun
赠	zeng
赡	shan
赢	ying
赣	gan
赤	chi
赦	she
赧	nan
赪	cheng
赫	he
赭	zhe
赯	tang
走	zou
赳	jiu
赴	fu
赵	zhao
赶	gan
起	qi
赸	shan
趁	chen
趂	chen
趄	ju
超	chao
越	yue
趋	qu
趑	zi
趔	lie
趕	gan
趙	zhao
趟	tang
趣	cu
趦	zi
趨	qu
趯	ti
趱	zan
足	zu
趴	pa
趵	bao
趸	dun
趺	fu
趻	chen
趼	jian
趾	zhi
趿	ta
跀	yue
跂	qi
跃	yue
跄	qiang
跅	tuo
跋	ba
跌	die
跎	tuo
跏	jia
跐	ci
跑	pao
跔	ju
跕	dian
跖	zhi
跗	fu
跚	shan
跛	bo
距	ju
跞	li
跟	gen
跡	ji
跢	duo
跣	xian
跤	jiao
跥	duo
跨	kua
跩	zhuai
跪	gui
跫	qiong
跬	kui
路	lu
跰	pian
跲	jia
跳	tiao
跴	cai
践	jian
跷	qiao
跸	bi
跹	xian
跺	duo
跻	ji
跼	ju
跽	ji
踅	xue
踆	cun
踉	liang
踊	yong
踌	chou
踏	ta
踐	jian
踒	wo
踔	chuo
踖	ji
踝	huai
踞	ju
踟	chi
踡	quan
踢	ti
踣	bo
踦	yi
踧	cu
踩	cai
踪	zong
踫	peng
踬	zhi
踮	dian
踯	zhi
踰	yu
踱	duo
踳	chuan
踴	yong
踵	zhong
踶	di
踸	chen
踹	chuai
踺	jian
踽	ju
蹀	die
蹁	pian
蹂	rou
蹄	ti
蹅	cha
蹇	jian
蹈	dao
蹉	cuo
蹊	qi
蹋	ta
蹌	qiang
蹍	nian
蹏	ti
蹐	ji
蹑	nie
蹒	pan
蹕	bi
蹙	cu
蹚	tang
蹜	su
蹟	ji
蹠	zhi
蹡	qiang
蹢	di
蹣	pan
蹤	zong
蹦	beng
蹩	bie
蹬	deng
蹭	ceng
蹯	fan
蹰	chu
蹲	cun
蹴	cu
蹵	cu
蹶	jue
蹷	jue
蹺	qiao
蹻	qiao
蹼	pu
蹽	liao
蹾	dun
蹿	cuan
躁	zao
躃	bi
躄	bi
躅	zhu
躇	chu
躈	qiao
躉	dun
躊	chou
躋	ji
躍	yue
躏	lin
躐	lie
躑	zhi
躒	li
躓	zhi
躔	chan
躕	chu
躗	wei
躚	xian
躜	zuan
躞	xie
躡	nie
躥	cuan
身	shen
躬	gong
躭	dan
躯	qu
躰	ti
躱	duo
躲	duo
躳	gong
躶	luo
躺	tang
軀	qu
軃	duo
車	che
輓	wan
輕	qing
輙	zhe
輛	liang
輪	lun
輭	ruan
轉	zhuai
轎	jiao
轟	hong
轢	li
轤	lu
车	che
轧	ga
轨	gui
轩	xuan
轪	dai
轫	ren
转	zhuai
轭	e
轮	lun
软	ruan
轰	hong
轱	gu
轲	ke
轳	lu
轴	zhou
轵	zhi
轶	yi
轷	hu
轸	zhen
轹	li
轺	yao
轻	qing
轼	shi
载	zai
轾	zhi
轿	jiao
辀	zhou
辁	quan
辂	lu
较	jiao
辄	zhe
辅	fu
辆	liang
辇	nian
辈	bei
辉	hui
辊	gun
辋	wang
辌	liang
辍	chuo
辎	zi
辏	cou
辐	fu
辑	ji
辒	wen
输	shu
辔	pei
辕	yuan
辖	xia
辗	nian
辘	lu
辙	zhe
辚	lin
辛	xin
辜	gu
辞	ci
辟	bi
辠	zui
辣	la
辤	ci
辦	ban
辨	bian
辩	bian
辫	bian
辭	ci
辮	bian
辯	bian
辰	chen
辱	ru
農	nong
辳	nong
辴	chan
辵	chuo
边	bian
辻	shi
辽	liao
达	da
辿	chan
迁	qian
迂	yu
迄	qi
迅	xun
迆	yi
过	guo
迈	mai
迍	zhun
迎	ying
运	yun
近	jin
迒	hang
迓	ya
返	fan
迕	wu
还	hai
这	zhe
进	jin
远	yuan
违	wei
连	lian
迟	chi
迢	tiao
迤	yi
迥	jiong
迦	jia
迨	dai
迩	er
迪	di
迫	pai
迭	die
迮	ze
迯	tao
述	shu
迴	hui
迷	mi
迸	beng
迹	ji
迺	nai
迻	yi
追	zhui
退	tui
送	song
适	kuo
逃	tao
逄	pang
逅	hou
逆	ni
选	xuan
逊	xun
逋	bu
逍	xiao
透	tou
逐	zhu
逑	qiu
递	di
途	tu
逕	jing
逖	ti
逗	dou
這	zhe
通	tong
逛	guang
逝	shi
逞	cheng
速	su
造	zao
逡	qun
逢	feng
逦	li
逩	ben
逭	huan
逮	dai
逯	lu
週	zhou
進	jin
逴	chuo
逵	kui
逶	wei
逷	ti
逸	yi
逻	luo
逼	bi
逾	yu
遁	dun
遂	sui
遄	chuan
遆	ti
遇	yu
遊	you
運	yun
遍	bian
過	guo
遏	e
遐	xia
遑	huang
遒	qiu
道	dao
達	da
違	wei
遗	wei
遘	gou
遛	liu
遜	xun
遝	ta
遞	di
遠	yuan
遡	su
遢	ta
遣	qian
遥	yao
遨	ao
適	shi
遭	zao
遮	zhe
遯	dun
遲	chi
遴	lin
遵	zun
遷	qian
選	xuan
遹	yu
遼	liao
遽	ju
避	bi
邀	yao
邁	mai
邂	xie
邃	sui
還	hai
邅	zhan
邇	er
邈	miao
邊	bian
邋	la
邏	luo
邐	li
邑	yi
邓	deng
邕	yong
邗	han
邘	yu
邙	mang
邛	qiong
邝	kuang
邠	bin
邡	fang
邢	xing
那	na
邦	bang
邨	cun
邪	xie
邬	wu
邮	you
邯	han
邰	tai
邱	qiu
邲	bi
邳	pi
邴	bing
邵	shao
邶	bei
邸	di
邹	zou
邺	ye
邻	lin
邽	gui
邾	zhu
郁	yu
郃	he
郄	qie
郅	zhi
郇	huan
郈	hou
郊	jiao
郋	xi
郎	lang
郏	jia
郐	kuai
郑	zheng
郓	yun
郕	cheng
郗	xi
郚	wu
郛	fu
郜	gao
郝	hao
郟	jia
郡	jun
郢	ying
郤	xi
郦	li
郧	yun
部	bu
郪	qi
郫	pi
郭	guo
郯	tan
郰	zou
郳	ni
郴	chen
郵	you
郸	dan
都	dou
郾	yan
郿	mei
鄀	ruo
鄂	e
鄃	shu
鄄	juan
鄅	yu
鄉	xiang
鄌	tang
鄏	ru
鄒	zou
鄔	wu
鄗	hao
鄘	yong
鄙	bi
鄚	mao
鄜	fu
鄞	yin
鄠	hu
鄢	yan
鄣	zhang
鄧	deng
鄩	xun
鄭	zheng
鄯	shan
鄰	lin
鄱	po
鄲	dan
鄴	ye
鄶	kuai
鄹	zou
鄺	kuang
鄾	you
酂	cuo
酃	ling
酆	feng
酈	li
酉	you
酊	ding
酋	qiu
酌	zhuo
配	pei
酎	zhou
酏	yi
酐	gan
酒	jiu
酕	mao
酖	zhen
酗	xu
酘	dou
酚	fen
酝	yun
酞	tai
酡	tuo
酢	cu
酣	han
酤	gu
酥	su
酦	fa
酧	chou
酩	ming
酪	lao
酬	chou
酮	tong
酯	zhi
酰	xian
酱	jiang
酲	cheng
酴	tu
酵	jiao
酶	mei
酷	ku
酸	suan
酹	lei
酺	pu
酽	yan
酾	shai
酿	niang
醁	lu
醃	yan
醄	tao
醅	pei
醇	chun
醉	zui
醊	zhui
醋	cu
醌	kun
醍	ti
醐	hu
醑	xu
醒	xing
醖	yun
醚	mi
醛	quan
醜	chou
醡	zha
醢	hai
醣	tang
醨	li
醪	lao
醫	yi
醬	jiang
醭	bu
醮	jiao
醯	xi
醰	tan
醱	fa
醲	nong
醴	li
醵	ju
醺	xun
醻	chou
醼	yan
醽	ling
醾	mi
醿	mi
釀	niang
釁	xin
釃	shai
釄	mi
釅	yan
采	cai
釉	you
释	shi
釋	shi
里	li
重	chong
野	ye
量	liang
釐	li
金	jin
釜	fu
釦	kou
釬	han
鉋	bao
鉤	gou
鉴	jian
銎	qiong
銕	tie
銗	xiang
銮	luan
銲	han
鋆	yun
鋈	wu
鋏	jia
鋜	zhuo
鋬	pan
鋹	chang
鋼	gang
錄	lu
錍	pi
錢	qian
錧	guan
錶	biao
錸	lai
錾	zan
鍊	lian
鍋	guo
鍚	yang
鍪	mou
鍫	qiao
鍼	zhen
鍾	zhong
鎋	xia
鎌	lian
鎏	liu
鎒	nou
鎔	rong
鎗	qiang
鎚	chui
鎢	wu
鎣	ying
鎧	kai
鎩	sha
鏇	xuan
鏊	ao
鏖	ao
鏗	keng
鏘	qiang
鏚	qi
鏟	chan
鏤	lou
鏦	cong
鏵	hua
鏺	po
鏽	xiu
鐃	nao
鐋	tang
鐒	lao
鐘	zhong
鐝	jue
鐥	shan
鐫	juan
鐵	tie
鐸	duo
鐺	cheng
鐾	bei
鑄	zhu
鑌	bin
鑑	jian
鑒	jian
鑕	zhi
鑛	kuang
鑠	shuo
鑢	lü
鑤	bao
鑪	lu
鑫	xin
鑰	yao
鑷	nie
鑹	cuan
鑼	luo
鑽	zuan
鑾	luan
鑿	zao
钂	tang
钆	ga
钇	yi
针	zhen
钉	ding
钊	zhao
钋	po
钌	liao
钍	tu
钎	qian
钏	chuan
钐	shan
钒	fan
钓	diao
钔	men
钕	nü
钖	yang
钗	chai
钘	xing
钙	gai
钚	bu
钛	tai
钜	ju
钝	dun
钞	chao
钟	zhong
钠	na
钡	bei
钢	gang
钣	ban
钤	qian
钥	yao
钦	qin
钧	jun
钨	wu
钩	gou
钪	kang
钫	fang
钬	huo
钭	tou
钮	niu
钯	ba
钰	yu
钱	qian
钲	zheng
钳	qian
钴	gu
钵	bo
钷	po
钹	bo
钺	yue
钻	zuan
钼	mu
钽	tan
钾	jia
钿	dian
铀	you
铁	tie
铂	bo
铃	ling
铄	shuo
铅	qian
铆	mao
铈	shi
铉	xuan
铊	ta
铋	bi
铌	ni
铍	pi
铎	duo
铏	xing
铐	kao
铑	lao
铒	er
铓	mang
铕	you
铖	cheng
铗	jia
铘	ye
铙	nao
铚	zhi
铛	cheng
铜	tong
铝	lü
铞	diao
铟	yin
铠	kai
铡	zha
铢	zhu
铣	xi
铤	ding
铥	diu
铦	xian
铧	hua
铨	quan
铩	sha
铪	ha
铫	diao
铬	ge
铭	ming
铮	zheng
铯	se
铰	jiao
铱	yi
铲	chan
铳	chong
铴	tang
铵	an
银	yin
铷	ru
铸	zhu
铹	lao
铺	pu
铻	wu
铼	lai
铽	te
链	lian
铿	keng
销	xiao
锁	suo
锂	li
锃	zeng
锄	chu
锅	guo
锆	gao
锇	e
锈	xiu
锉	cuo
锊	lüe
锋	feng
锌	xin
锎	kai
锏	jian
锐	rui
锑	ti
锒	lang
锓	qin
锔	ju
锕	a
锖	qiang
锗	zhe
锘	nuo
错	cuo
锚	mao
锛	ben
锜	qi
锝	de
锞	ke
锟	kun
锡	xi
锢	gu
锣	luo
锤	chui
锥	zhui
锦	jin
锧	zhi
锨	xian
锩	juan
锪	huo
锫	pei
锬	tan
锭	ding
键	jian
锯	ju
锰	meng
锱	zi
锲	qie
锳	ying
锴	kai
锵	qiang
锶	si
锷	e
锸	cha
锹	qiao
锻	duan
锼	sou
锽	huang
锾	huan
锿	ai
镀	du
镁	mei
镂	lou
镃	zi
镄	fei
镅	mei
镆	mo
镇	zhen
镈	bo
镉	ge
镊	nie
镋	tang
镌	juan
镍	nie
镎	na
镏	liu
镐	gao
镑	bang
镒	yi
镓	jia
镔	bin
镖	biao
镗	tang
镘	man
镚	beng
镛	yong
镜	jing
镝	di
镞	zu
镠	liu
镡	chan
镣	liao
镤	pu
镥	lu
镦	dui
镧	lan
镨	pu
镩	cuan
镪	qiang
镫	deng
镬	huo
镭	lei
镯	zhuo
镰	lian
镱	yi
镲	cha
镳	biao
镴	la
镵	chan
镶	xiang
長	chang
长	chang
門	men
閆	yan
開	kai
閒	jian
関	guan
闆	ban
闇	an
闈	wei
闓	kai
闚	kui
關	guan
闝	piao
闡	chan
闢	pi
闥	ta
门	men
闩	shuan
闪	shan
闬	han
闭	bi
问	wen
闯	chuang
闰	run
闱	wei
闲	xian
闳	hong
间	jian
闵	min
闶	kang
闷	men
闸	zha
闹	nao
闺	gui
闻	wen
闼	ta
闽	min
闾	lü
闿	kai
阀	fa
阁	ge
阂	he
阃	kun
阄	jiu
阅	yue
阆	lang
阇	du
阈	yu
阉	yan
阊	chang
阋	xi
阌	wen
阍	hun
阎	yan
阏	e
阐	chan
阑	lan
阒	qu
阓	hui
阔	kuo
阕	que
阖	he
阗	tian
阘	da
阙	que
阚	han
阛	huan
阜	fu
队	dui
阡	qian
阢	wu
阧	dou
阨	e
阪	ban
阬	keng
阮	ruan
阯	zhi
阱	jing
防	fang
阳	yang
阴	yin
阵	zhen
阶	jie
阻	zu
阼	zuo
阽	dian
阿	a
陀	tuo
陁	tuo
陂	bei
附	fu
际	ji
陆	liu
陇	long
陈	chen
陉	xing
陋	lou
陌	mo
降	jiang
限	xian
陒	gui
陔	gai
陕	shan
陗	qiao
陘	xing
陛	bi
陝	shan
陞	sheng
陟	zhi
陡	dou
院	yuan
除	chu
陧	nie
陨	yun
险	xian
陪	pei
陬	zou
陰	yin
陲	chui
陳	chen
陴	pi
陵	ling
陶	tao
陷	xian
陸	liu
陽	yang
陿	xia
隂	yin
隄	di
隅	yu
隆	long
隈	wei
隉	nie
隊	dui
隋	sui
隍	huang
階	jie
随	sui
隐	yin
隑	gai
隔	ge
隖	wu
隗	kui
隘	ai
隙	xi
際	ji
障	zhang
隞	ao
隟	xi
隣	lin
隦	jiao
隧	sui
隨	sui
隩	ao
險	xian
隰	xi
隱	yin
隳	hui
隴	long
隶	li
隷	li
隸	li
隹	zhui
隻	zhi
隼	sun
隽	juan
难	nan
雀	qiao
雁	yan
雄	xiong
雅	ya
集	ji
雇	gu
雉	zhi
雋	juan
雌	ci
雍	yong
雎	ju
雏	chu
雒	luo
雕	diao
雖	sui
雙	shuang
雛	chu
雜	za
雝	yong
雞	ji
雠	chou
離	li
難	nan
雨	yu
雩	yu
雪	xue
雯	wen
雰	fen
雱	pang
雲	yun
雳	li
零	ling
雷	lei
雹	bao
電	dian
雾	wu
需	xu
霁	ji
霂	mu
霄	xiao
霅	zha
霆	ting
震	zhen
霈	pei
霉	mei
霍	huo
霎	sha
霏	fei
霑	zhan
霓	ni
霖	lin
霙	ying
霛	ling
霜	shuang
霞	xia
霡	mai
霢	mai
霤	liu
霧	wu
霨	wei
霪	yin
霫	xi
霭	ai
霰	san
露	lou
霶	pang
霸	ba
霹	pi
霽	ji
霾	mai
靂	li
靆	dai
靈	ling
靉	ai
青	qing
靓	jing
靖	jing
静	jing
靛	dian
靜	jing
非	fei
靠	kao
靡	mi
面	mian
靣	mian
靥	ye
靨	ye
革	ge
靪	ding
靬	qian
靭	ren
靰	wu
靳	jin
靴	xue
靶	ba
靷	yin
靸	sa
靺	mo
靼	da
靽	ban
靿	yao
鞀	tao
鞁	bei
鞅	yang
鞉	tao
鞋	xie
鞌	an
鞍	an
鞏	gong
鞑	da
鞒	qiao
鞓	ting
鞔	man
鞘	qiao
鞚	kong
鞛	beng
鞝	shang
鞞	bing
鞟	kuo
鞠	ju
鞡	la
鞣	rou
鞥	eng
鞦	qiu
鞧	qiu
鞨	he
鞫	ju
鞬	jian
鞭	bian
鞯	jian
鞲	gou
鞴	bei
鞵	xie
鞶	pan
鞹	kuo
鞽	qiao
鞾	xue
鞿	ji
韁	jiang
韂	chan
韃	da
韆	qian
韉	jian
韋	wei
韌	ren
韍	fu
韓	han
韔	chang
韙	wei
韛	bai
韜	tao
韞	yun
韡	wei
韤	wa
韦	wei
韧	ren
韨	fu
韩	han
韪	wei
韫	yun
韬	tao
韭	jiu
韮	jiu
音	yin
韵	yun
韶	shao
韻	yun
響	xiang
頁	ye
頭	tou
頰	jia
頸	geng
顋	sai
顖	xin
顗	yi
願	yuan
類	lei
顢	man
顧	gu
顯	xian
顱	lu
顳	nie
页	ye
顶	ding
顷	qing
顸	han
项	xiang
顺	shun
须	xu
顼	xu
顽	wan
顾	gu
顿	du
颀	qi
颁	ban
颂	song
颃	hang
预	yu
颅	lu
领	ling
颇	po
颈	geng
颉	jie
颊	jia
颋	ting
颌	ge
颍	ying
颎	jiong
颏	ke
颐	yi
频	pin
颓	tui
颔	han
颖	ying
颗	ke
题	ti
颙	yong
颚	e
颛	zhuan
颜	yan
额	e
颞	nie
颟	man
颠	dian
颡	sang
颢	hao
颣	lei
颤	chan
颥	ru
颦	pin
颧	quan
風	feng
颱	tai
颳	gua
颺	yang
飃	piao
飇	biao
飈	biao
风	feng
飏	yang
飐	zhan
飑	biao
飒	sa
飓	ju
飔	si
飕	sou
飖	yao
飗	liu
飘	piao
飙	biao
飛	fei
飞	fei
食	shi
飡	can
飤	si
飦	zhan
飧	sun
飨	xiang
飱	sun
餁	ren
餈	ci
養	yang
餍	yan
餐	can
餘	yu
餚	yao
餞	jian
餦	zhang
餧	wei
餮	tie
餱	hou
餳	tang
餵	wei
餹	tang
餻	gao
餼	xi
餽	kui
饆	bi
饍	shan
饐	yi
饑	ji
饒	rao
饔	yong
饕	tao
饗	xiang
饜	yan
饝	mo
饞	chan
饠	luo
饤	ding
饥	ji
饦	tuo
饧	tang
饨	tun
饩	xi
饪	ren
饫	yu
饬	chi
饭	fan
饮	yin
饯	jian
饰	shi
饱	bao
饲	si
饳	duo
饴	yi
饵	er
饶	rao
饷	xiang
饸	he
饹	le
饺	jiao
饻	xi
饼	bing
饽	bo
饾	dou
饿	e
馀	yu
馁	nei
馂	jun
馃	guo
馄	hun
馅	xian
馆	guan
馇	cha
馈	kui
馉	gu
馊	sou
馋	chan
馌	ye
馍	mo
馎	bo
馏	liu
馐	xiu
馑	jin
馒	man
馓	san
馔	zhuan
馕	nang
首	shou
馗	kui
馘	guo
香	xiang
馥	fu
馨	xin
馬	ma
駮	bo
騌	zong
騐	yan
騗	pian
騧	gua
騲	cao
騶	zou
驂	can
驅	qu
驊	hua
驌	su
驍	xiao
驕	jiao
驗	yan
驘	luo
驚	jing
驛	yi
驢	lü
驪	li
马	ma
驭	yu
驮	duo
驯	xun
驰	chi
驱	qu
驲	ri
驳	bo
驴	lü
驵	zang
驶	shi
驷	si
驸	fu
驹	ju
驺	zou
驻	zhu
驼	tuo
驽	nu
驾	jia
驿	yi
骀	dai
骁	xiao
骂	ma
骃	yin
骄	jiao
骅	hua
骆	luo
骇	hai
骈	pian
骊	li
骋	cheng
验	yan
骍	xing
骎	qin
骏	jun
骐	qi
骑	qi
骒	ke
骓	zhui
骕	su
骖	can
骗	pian
骘	zhi
骙	kui
骚	sao
骛	wu
骜	ao
骝	liu
骞	qian
骟	shan
骠	biao
骡	luo
骢	cong
骣	chan
骤	zhou
骥	ji
骦	shuang
骧	xiang
骨	gu
骫	wei
骭	gan
骯	ang
骰	tou
骱	jie
骶	di
骷	ku
骸	hai
骺	hou
骼	ge
骾	geng
髀	bi
髁	ke
髂	qia
髃	yu
髅	lou
髆	bo
髈	bang
髋	kuan
髌	bin
髎	liao
髏	lou
髑	du
髒	zang
髓	sui
體	ti
髕	bin
髖	kuan
高	gao
髠	kun
髡	kun
髢	di
髣	fang
髤	xiu
髥	ran
髦	mao
髧	dan
髩	bin
髫	tiao
髭	zi
髮	fa
髯	ran
髲	bi
髳	mao
髴	fu
髹	xiu
髻	ji
髽	zhua
鬁	li
鬃	zong
鬅	peng
鬆	song
鬇	zheng
鬈	quan
鬋	jian
鬌	tuo
鬍	hu
鬎	la
鬏	jiu
鬐	qi
鬑	lian
鬒	zhen
鬓	bin
鬘	man
鬚	xu
鬟	huan
鬡	ning
鬢	bin
鬣	lie
鬥	dou
鬦	dou
鬧	nao
鬨	hong
鬩	xi
鬬	dou
鬭	dou
鬮	jiu
鬯	chang
鬱	yu
鬲	ge
鬴	fu
鬶	gui
鬻	yu
鬼	gui
魁	kui
魂	hun
魃	ba
魄	bo
魅	mei
魆	xu
魇	yan
魈	xiao
魉	liang
魊	yu
魌	qi
魍	wang
魎	liang
魏	wei
魑	chi
魔	mo
魘	yan
魚	yu
鮌	gun
鮷	ti
鯈	tiao
鯗	xiang
鯰	nian
鯾	bian
鰌	qiu
鰣	shi
鰤	shi
鰷	tiao
鰹	jian
鰺	shen
鱂	jiang
鱍	bo
鱏	xun
鱓	shan
鱘	xun
鱟	hou
鱠	kuai
鱥	gui
鱭	ji
鱮	xu
鱷	e
鱸	lu
鱺	li
鱼	yu
鱽	dao
鱾	ji
鱿	you
鲀	tun
鲁	lu
鲂	fang
鲃	ba
鲅	ba
鲆	ping
鲇	nian
鲈	lu
鲉	you
鲊	zha
鲋	fu
鲌	ba
鲍	bao
鲎	hou
鲏	pi
鲐	tai
鲑	gui
鲒	jie
鲔	wei
鲕	er
鲖	tong
鲗	zei
鲘	hou
鲙	kuai
鲚	ji
鲛	jiao
鲜	xian
鲝	zha
鲞	xiang
鲟	xun
鲠	geng
鲡	li
鲢	lian
鲣	jian
鲤	li
鲥	shi
鲦	tiao
鲧	gun
鲨	sha
鲩	huan
鲪	jun
鲫	ji
鲬	yong
鲭	qing
鲮	ling
鲯	qi
鲰	zou
鲱	fei
鲲	kun
鲳	chang
鲴	gu
鲵	ni
鲷	diao
鲸	jing
鲹	shen
鲺	shi
鲻	zi
鲼	fen
鲽	die
鲾	bi
鳀	ti
鳁	wen
鳂	wei
鳃	sai
鳄	e
鳅	qiu
鳆	fu
鳇	huang
鳈	quan
鳉	jiang
鳊	bian
鳌	ao
鳍	qi
鳎	ta
鳏	guan
鳐	yao
鳑	pang
鳒	jian
鳓	le
鳔	biao
鳕	xue
鳖	bie
鳗	man
鳘	min
鳙	yong
鳚	wei
鳛	xi
鳜	gui
鳝	shan
鳞	lin
鳟	zun
鳠	hu
鳡	gan
鳢	li
鳣	zhan
鳤	guan
鳥	diao
鳧	fu
鳳	feng
鴈	yan
鴳	yan
鵞	e
鵰	diao
鵶	ya
鶃	yi
鶇	dong
鶤	kun
鶬	cang
鶯	ying
鶵	chu
鷄	ji
鷗	ou
鷙	zhi
鷥	si
鷫	su
鷰	yan
鷳	xian
鸎	ying
鸑	yue
鸕	lu
鸝	li
鸞	luan
鸟	diao
鸠	jiu
鸡	ji
鸢	yuan
鸣	ming
鸤	shi
鸥	ou
鸦	ya
鸧	cang
鸨	bao
鸩	zhen
鸪	gu
鸫	dong
鸬	lu
鸭	ya
鸮	xiao
鸯	yang
鸰	ling
鸱	chi
鸲	qu
鸳	yuan
鸵	tuo
鸶	si
鸷	zhi
鸸	er
鸹	gua
鸺	xiu
鸻	heng
鸼	zhou
鸽	ge
鸾	luan
鸿	hong
鹀	wu
鹁	bo
鹂	li
鹃	juan
鹄	gu
鹅	e
鹆	yu
鹇	xian
鹈	ti
鹉	wu
鹊	que
鹋	miao
鹌	an
鹍	kun
鹎	bei
鹏	peng
鹐	qian
鹑	chun
鹒	geng
鹓	yuan
鹔	su
鹕	hu
鹖	he
鹗	e
鹘	gu
鹙	qiu
鹚	ci
鹛	mei
鹜	wu
鹝	yi
鹞	yao
鹟	weng
鹠	liu
鹡	ji
鹢	yi
鹣	jian
鹤	he
鹥	yi
鹦	ying
鹧	zhe
鹨	liu
鹩	liao
鹪	jiao
鹫	jiu
鹬	yu
鹭	lu
鹮	huan
鹯	zhan
鹰	ying
鹱	hu
鹲	meng
鹳	guan
鹴	shuang
鹵	lu
鹹	xian
鹺	cuo
鹻	jian
鹼	jian
鹽	yan
鹾	cuo
鹿	lu
麀	you
麁	cu
麂	ji
麅	pao
麇	jun
麈	zhu
麋	mi
麐	lin
麑	ni
麒	qi
麓	lu
麕	jun
麖	jing
麗	li
麝	she
麞	zhang
麟	lin
麤	cu
麥	mai
麦	mai
麪	mian
麯	qu
麰	mou
麵	mian
麸	fu
麹	qu
麻	ma
麽	me
麾	hui
黁	nun
黄	huang
黇	tian
黉	hong
黌	hong
黍	shu
黎	li
黏	nian
黑	hei
黔	qian
黕	dan
默	mo
黛	dai
黜	chu
黝	you
點	dian
黟	yi
黠	xia
黡	yan
黢	qu
黥	qing
黦	yue
黧	li
黨	dang
黩	du
黪	can
黯	an
黰	zhen
黱	dai
黲	can
黴	mei
黵	zhan
黶	yan
黷	du
黹	zhi
黻	fu
黼	fu
黽	mian
黾	mian
黿	yuan
鼂	chao
鼃	wa
鼇	ao
鼈	bie
鼉	tuo
鼋	yuan
鼍	tuo
鼎	ding
鼐	nai
鼒	zi
鼓	gu
鼕	dong
鼗	tao
鼙	pi
鼟	teng
鼠	shu
鼢	fen
鼥	ba
鼦	diao
鼧	tuo
鼩	qu
鼫	shi
鼬	you
鼯	wu
鼱	jing
鼴	yan
鼷	xi
鼹	yan
鼻	bi
鼽	qiu
鼾	han
齁	hou
齆	weng
齇	zha
齉	nang
齊	ji
齋	zhai
齎	ji
齏	ji
齐	ji
齑	ji
齒	chi
齚	ze
齣	chu
齧	nie
齩	yao
齶	e
齿	chi
龀	chen
龁	he
龂	yin
龃	ju
龄	ling
龅	bao
龆	tiao
龇	zi
龈	ken
龉	yu
龊	chuo
龋	qu
龌	wo
龍	long
龐	pang
龑	yan
龔	gong
龕	kan
龙	long
龚	gong
龛	kan
龜	gui
龝	qiu
龟	gui
龠	yue
龢	he
鿃	shan
鿭	xi
𠈁	tuo
𠉂	ta
𠊟	min
𠋆	chen
𠜋	chou
𠞭	lou
𠭯	zha
𠮾	ǹ
𠯪	dai
𠲎	fa
𠴂	nu
𠷿	za
𠺖	mu
𠼟	lüe
𡌴	zhi
𡍷	geng
𡒄	lan
𡰪	du
𡸃	xian
𡻕	sui
𢀖	jing
𢌚	chan
𢙐	nao
𢥞	chong
𢫓	nu
𢫬	sa
𢳀	ma
𢳟	tong
𢶀	zhuai
𢸳	xiao
𢹲	jun
𢾅	du
𣇇	dan
𣈶	geng
𣎴	dun
𣔙	xian
𣘛	dou
𣟄	tuo
𣟴	shuan
𣪕	gui
𣭡	xian
𣭲	rong
𣰇	rong
𣰋	qu
𣲗	wei
𣲘	wu
𣴓	jian
𣸣	fen
𤍐	tui
𤏶	ao
𤛘	mang
𤜱	ba
𤝽	lü
𤞤	xian
𤞶	han
𤩽	huan
𤭛	gang
𤭢	cei
𤰚	la
𤱝	tuan
𤳈	shang
𤴛	zhi
𤵐	wu
𥁢	qiao
𥄨	chou
𥅻	chong
𥆧	run
𥇢	zhan
𥎊	qin
𥐻	nao
𥑪	nao
𥔲	e
𥕢	cao
𥕦	gun
𥘌	ji
𥛱	beng
𥞛	duo
𥥷	dou
𥬞	nie
𥬠	chou
𥬯	kao
𥮜	mi
𥮾	can
𥱼	pai
𥷑	bi
𥻗	cha
𥿝	dai
𦈖	ta
𦈠	yin
𦈡	xu
𦊑	liu
𦊱	gua
𦌊	su
𦍩	gu
𦐌	hong
𦔩	biao
𦕓	xu
𦞦	huo
𦨭	pi
𦪙	ta
𦰏	diao
𧄜	rui
𧉓	du
𧏾	ni
𧟄	rang
𧰵	du
𧹞	nan
𨂿	wai
𨄮	shuai
𨉣	ha
𨎪	er
𨓈	kuo
𨙻	na
𨚗	na
𨟠	quan
𨭛	la
𨱇	qiu
𨱍	lang
𨱏	da
𨱑	huang
𩉜	ji
𩜇	juan
𩞁	mo
𩮜	ti
𩽾	an
𩾃	mian
𩾌	kang
𪍑	chao
𪎊	chao
𪎭	mei
𪞝	duo
𪟝	ji
𪠳	che
𪢮	luan
𪣝	zao
𪨇	tui
𪨊	song
𪨗	jue
𪨧	lun
𪨶	she
𪩘	yan
𪮋	xiao
𪱷	bei
𪷽	zan
𪻐	cong
𪽇	ke
𪾔	xu
𪾦	lu
𫂈	fei
𫄛	jin
𫄟	shi
𫄤	da
𫄥	li
𫄨	chi
𫄸	xun
𫇭	wei
𫉁	ai
𫋌	te
𫌀	ji
𫌨	luo
𫍟	yi
𫍢	nao
𫍲	xiao
𫍻	xi
𫍽	xuan
𫎫	dan
𫎬	gan
𫏋	jue
𫏐	zan
𫐄	yue
𫐐	ni
𫐑	guan
𫐓	rou
𫐖	jiao
𫐘	kan
𫓧	fu
𫓩	cong
𫓹	ji
𫔎	jue
𫖃	hui
𫖔	bai
𫖮	yi
𫖯	fu
𫗠	zhang
𫗦	bu
𫗧	su
𫗩	luo
𫗫	hu
𫗮	huang
𫗰	dui
𫗴	zhan
𫘝	jue
𫘞	tuo
𫘤	ai
𫘧	lu
𫘨	ti
𫘭	shuang
𫚈	xu
𫚉	hong
𫚒	fu
𫚕	shi
𫚖	ci
𫚥	xia
𫚭	lie
𫛞	jue
𫛣	yu
𫛭	kuang
𫛳	fu
𫛶	chi
𫛸	ti
𫜨	ba
𫜬	ze
𫞩	men
𫟹	hong
𫠦	suo
𫢒	long
𫧯	xie
𫫦	dan
𫭢	lun
𫮃	shan
𫰂	duo
𫵒	tui
𫵘	bi
𫶇	die
𫸩	kou
𫼝	chou
𬀩	wei
𬀪	xian
𬁠	xiang
𬄩	yin
𬆮	kou
𬇕	wan
𬇘	tuan
𬇹	guo
𬈧	se
𬍙	zhan
𬍛	li
𬍤	xun
𬑗	jian
𬓫	qiu
𬓼	tui
𬕂	long
𬘓	xun
𬘖	jian
𬘜	zhan
𬘝	zhen
𬘡	yin
𬘢	kuang
𬘬	qian
𬘭	chen
𬘵	geng
𬙂	yan
𬙆	fan
𬙊	mo
𬞟	pin
𬟽	dong
𬢊	si
𬣀	wei
𬣙	xu
𬣞	zhu
𬣡	jian
𬤐	ge
𬤥	zhuan
𬤰	huan
𬧀	qiang
𬨎	you
𬩽	xun
𬪩	nong
𬬫	pi
𬬮	chang
𬬲	pi
𬬸	shu
𬬺	chu
𬭁	mu
𬭚	chun
𬭣	xian
𬭯	pie
𬭲	suo
𬭴	jie
𬮤	ge
𬮱	yin
𬮿	gai
𬯅	xia
𬯎	tui
𬱖	di
𬱟	wei
𬱦	qi
𬳳	fan
𬳶	jiong
𬳽	shen
𬴂	fei
𬴃	huo
𬴐	huan
𬶋	ju
𬶏	wei
𬶐	zhao
𬶟	la
𬶭	ji
𬶮	xi
𬷕	bu
𬸅	chu
𬸚	yue
𬸣	xian
𬸦	zhuo
𬸪	fan
𬸱	qu
𬹼	xie
𬺈	yi
𬺓	chu
𭄛	jian
𭕆	suo
𭘓	hu
𭚦	guo
𭣇	dian
𭤰	yu
𭪆	zhua
𭱊	hong
𭹜	luo
𮆏	lan
𮉡	lu
𮉢	zhi
𮉤	gua
𮉧	liang
𮉨	gua
𮉪	zou
𮉫	rui
𮉬	cui
𮉯	cai
𮐨	ying
𮔂	jie
𮔅	fu
𮔊	liang
𮖁	liang
𮖱	xie
𮙊	yin
𮙋	du
𮝴	gu
𮝵	er
𮝸	chun
𮝹	huan
𮝺	ge
𮠞	qiang
𮣲	gang
𮣳	hong
𮣴	chan
𮣵	zhui
𮣶	lü
𮣷	ju
𮤲	bi
𮧴	chang
𮧵	wei
𮩛	bi
𮪣	zong
𮪥	dun
𮫂	ning
𮬜	yi
𮬝	gui
𮬞	can
𮬟	huo
𮬠	lu
𮬡	hua
𮬢	weng
𮬣	xian
𮬤	zhen
𮭥	gong
𮭦	chen
𮭨	yan
𮭪	shuang
𮭰	gang
𮯙	ke
𰃷	chuang
𰗣	za
𰟘	yan
𰧉	zhi
𰱱	ci
𰵝	he
𰵴	chu
𰷠	yi
𰷥	cong
𱂨	e
𱂯	cui
𱂱	kan
𱂻	qiao
𱃺	tian
𱅈	bi
𱉔	jue
𱊈	yi
